L,z,E1,E2,E3,E4,E5,E6,E7,E8,E9
1.414213562373095,0.5,-7.17044623706614,0.025561537050221707,0.0816461238427158,0.18198853225082848,0.351950918957913,0.6387796375793884,1.1434395814866343,2.040839038896591,3.147743256089934
1.40022013924817,0.5100436681222708,-7.170446317296868,0.02608746538801426,0.08337495488157676,0.1859980861171167,0.35989956554464625,0.6539421851325881,1.170897636090711,2.0911437399795405,3.1611770890935906
1.386634049865058,0.5200873362445415,-7.170446397592979,0.026613932981277802,0.08510778702066,0.19002098325714514,0.3678824918893419,0.669183336770206,1.1984946922885686,2.1413727336615063,3.174303385843313
1.3734359083694738,0.5301310043668123,-7.170446477365693,0.027140938870773342,0.08684464625476968,0.19405712266703506,0.375899733248006,0.6845018735743423,1.2262287594955428,2.191457489801905,3.1872847398368327
1.360607596453838,0.540174672489083,-7.17044655606545,0.02766848231258512,0.08858555709241529,0.19810640825221737,0.3839513164668692,0.6998966010500829,1.2540977238246085,2.2413213810594335,3.200271357822229
1.3481321587516255,0.5502183406113537,-7.170446633184242,0.028196562787822423,0.09033054255684592,0.2021687489894222,0.39203725987571375,0.7153663506066381,1.2820993423807958,2.2908785103117255,3.213406684160146
1.3359937085929126,0.5602620087336244,-7.170446708258563,0.028725180010403483,0.09207962419801008,0.20624405904507842,0.40015757329046625,0.7309099809226157,1.3102312381676113,2.3400324417645324,3.2268320823465886
1.3241773429296888,0.5703056768558952,-7.170446780870321,0.0292543339342377,0.0938328221179738,0.2103322578583394,0.4083122580769233,0.7465263788743293,1.3384908944719829,2.388674893191793,3.2406907730096943
1.3126690653948332,0.5803493449781659,-7.170446850647454,0.029784024751521965,0.0955901549745499,0.21443327009937677,0.41650130706382343,0.7622144598355388,1.3668756487385156,2.4366844949276514,3.2551311158148066
1.301455716591433,0.5903930131004367,-7.170446917264849,0.03031425289498814,0.09735164001212133,0.2185470256404309,0.4247247045747889,0.7779731676857691,1.3953826854331015,2.483925787505239,3.270309205324354
1.2905249108229355,0.6004366812227074,-7.170446980443017,0.03084501903306573,0.09911729307885311,0.2226734594625299,0.4329824264990625,0.7938014748301451,1.4240090295659904,2.530248724467035,3.2863906262854017
1.2798649785724474,0.6104803493449782,-7.170447039948179,0.03137632406557643,0.10088712865246295,0.22681251152480275,0.4412744402982976,0.8096983816769843,1.4527515388953716,2.575489044315618,3.3035510794754974
1.2694649141238268,0.6205240174672488,-7.170447095590618,0.03190816911882557,0.10266115987390761,0.2309641266309158,0.4496007051072946,0.8256629159689669,1.481606895274731,2.619469981827246,3.321975469145636
1.259314327790042,0.6305676855895197,-7.1704471472235145,0.032440555537887196,0.10443939857812536,0.23512825426160783,0.4579611718486239,0.8416941321515484,1.5105715962447115,2.6620058453976965,3.341854972400421
1.2494034022774065,0.6406113537117903,-7.170447194741072,0.03297348487639373,0.106221855318777,0.2393048483523223,0.4663557832064705,0.8577911099790423,1.5396419439583278,2.702907925940041,3.363381653598496
1.2397228527690585,0.6506550218340611,-7.170447238076753,0.03350695888616389,0.10800853940060023,0.2434938670898995,0.47478447378173627,0.8739529536403365,1.5688140350999256,2.741992964316267,3.3867404301226003
1.2302638903587666,0.6606986899563319,-7.170447277201661,0.0340409795124782,0.10979945893925627,0.24769527276712666,0.4832471703869669,0.8901787908022749,1.5980837489868027,2.7790938977505295,3.4120986826836286
1.2210181885077172,0.6707423580786026,-7.170447312121432,0.034575548877313886,0.1115946208724438,0.25190903147123384,0.49174379191545853,0.9064677707159313,1.627446733495233,2.8140719016142413,3.4395945108976824
1.2119778522332993,0.6807860262008734,-7.170447342875152,0.035110669272172525,0.11339403101938572,0.2561351129317127,0.5002742497483706,0.9228190635005254,1.6568983917695181,2.846828008333911,3.469325367212765
1.2031353897707595,0.690829694323144,-7.170447369532453,0.035646343144359244,0.1151976941103138,0.2603734902477181,0.508838447751962,0.9392318582382793,1.6864338651388686,2.8773121483124786,3.501339228725386
1.1944836864765325,0.7008733624454149,-7.170447392191018,0.036182573088434415,0.11700561384249157,0.26462413970522064,0.5174362826010928,0.9557053619122267,1.7160480162285732,2.9055276585581398,3.535630272833095
1.186015980766662,0.7109170305676855,-7.1704474109749885,0.03671936183238996,0.11881779291370191,0.2688870405242729,0.5260676438733791,0.9722387976313259,1.7457354085829326,2.9315302054844934,3.572140113066782
1.1777258419053656,0.7209606986899563,-7.1704474260321645,0.037256712229986694,0.12063423308386233,0.2731621746887746,0.5347324144190907,0.988831403656971,1.7754902862893984,2.9554214011242226,3.6107643247028385
1.1696071494779419,0.731004366812227,-7.1704474375317275,0.03779462724336401,0.12245493519404212,0.27744952665252387,0.5434304703303139,1.0054824312627175,1.8053065486110986,2.9773385985104532,3.6513627724834787
1.1616540743991135,0.7410480349344978,-7.170447445662407,0.038333109938649544,0.12427989924155658,0.2817490832214592,0.5521616814395647,1.0221911439622142,1.8351777246418057,2.997442985453074,3.693771629944429
1.1538610613229001,0.7510917030567685,-7.170447450630029,0.038872163472811055,0.1261091244166,0.28606083331883947,0.5609259114571326,1.0389568157988391,1.8650969435373272,3.015908003119473,3.737815063621727
1.1462228123333973,0.7611353711790393,-7.170447452655493,0.03941179108383139,0.12794260915081115,0.29038476779529476,0.569723018188199,1.0557787298085732,1.8950569017463819,3.0329095231998333,3.783315151134842
1.1387342718076745,0.77117903930131,-7.170447451972783,0.039951996080191864,0.1297803511647166,0.29472087925200335,0.5785528538687662,1.0726561769670604,1.9250498275861543,3.0486184650891843,3.830099354201248
1.131390612352514,0.7812227074235807,-7.170447448827138,0.04049278182877406,0.1316223475024655,0.2990691618202157,0.5874152652584491,1.0895884543997723,1.9550674408870206,3.0631959027364712,3.8780054984326617
1.1241872217261117,0.7912663755458516,-7.170447443473036,0.04103415175308215,0.13346859461216007,0.30342961109533456,0.5963100941646179,1.1065748644823747,1.9851009091640834,3.0767903207820004,3.9268846006114537
1.1171196906642344,0.8013100436681222,-7.170447436172522,0.04157610931741466,0.13531908836227008,0.3078022238952385,0.6052371775459711,1.1236147134764194,2.015140799473252,3.0895365197099465,3.9766020485437563
1.1101838015378291,0.811353711790393,-7.17044742719357,0.04211865802027132,0.1371738240939353,0.3121869981095158,0.6141963476808061,1.1407073097177165,2.045177023042831,3.1015556649381,4.027037631781952
1.1033755177757965,0.8213973799126637,-7.170447416808373,0.04266180138835914,0.13903279667790988,0.3165839326198269,0.6231874327063095,1.1578519633014592,2.0751987784810404,3.112956057977513,4.078084860156695
1.0966909739926625,0.8314410480349345,-7.1704474052921325,0.04320554296672207,0.1408960005450982,0.32099302709569005,0.6322102565890243,1.175047983922855,2.1051944846213555,3.1238343052699475,4.129649877173539
1.0901264667662967,0.8414847161572052,-7.170447392921608,0.04374988631255879,0.14276342973676595,0.3254142819112364,0.6412646395861182,1.1922946804098025,2.135151711128229,3.134276665789321,4.181650205603506
1.0836784460156872,0.8515283842794759,-7.170447379973309,0.04429483498917519,0.14463507794943148,0.32984769802817937,0.6503503984682331,1.2095913592804386,2.1650571001375147,3.1443604319010148,4.234013458934891
1.0773435069331738,0.8615720524017467,-7.170447366723289,0.04484039255845763,0.14651093856877628,0.334293276854802,0.6594673466603971,1.226937323430839,2.1948962822933518,3.1541552600675216,4.286676108283941
1.0711183824294852,0.8716157205240174,-7.170447353445102,0.04538656257326442,0.14839100470337901,0.33875102013934383,0.6686152945687276,1.2443318713400526,2.224653786569725,3.163724406317373,4.3395823501355295
1.0649999360534992,0.8816593886462881,-7.170447340409257,0.04593334857653699,0.1502752692433492,0.34322092992538533,0.6777940498760048,1.2617742958532348,2.254312943133163,3.1731258469307173,4.392683091218372
1.0589851553518737,0.8917030567685589,-7.170447327882161,0.046480754091702325,0.15216372487611235,0.3477030084001967,0.6870034176473153,1.2792638829188652,2.2838557805099904,3.1824132807828853,4.445935056182443
1.0530711456366075,0.9017467248908296,-7.170447316125418,0.047028782620626666,0.15405636413468266,0.35219725785170286,0.6962432006976097,1.2967999110040769,2.313262920073692,3.1916370184833087,4.499300015054613
1.0472551241312487,0.9117903930131004,-7.170447305394677,0.047577437636136526,0.15595317941769724,0.3567036805465902,0.7055131996323477,1.3143816493584592,2.3425134643662284,3.200844765088567,4.552744111770455
1.0415344144688523,0.9218340611353711,-7.170447295939497,0.04812672258145455,0.15785416303819078,0.36122227871872836,0.7148132132921535,1.3320083577124742,2.371584888914675,3.2100823080651293,4.606237293092882
1.0359064415169847,0.9318777292576419,-7.170447288002095,0.04867664086144112,0.15975930722817866,0.3657530544035587,0.7241430386352673,1.3496792844652277,2.4004529342001253,3.2193941170671754,4.6597528165945965
1.0303687265070431,0.9419213973799125,-7.170447281817268,0.04922719584442767,0.16166860419565088,0.37029600948449964,0.733502471259585,1.3673936663365156,2.4290915086419775,3.2288238638665776,4.713266833882657
1.0249188824469624,0.9519650655021834,-7.170447277611782,0.04977839085595406,0.16358204613508284,0.374851145577239,0.7428913054426527,1.3851507270802321,2.457472604214842,3.238414865012563,4.766758030546178
1.0195546097980321,0.962008733624454,-7.1704472756039195,0.05033022917417276,0.16549962524473055,0.37941846393899775,0.752309334150226,1.402949676034586,2.485566235358504,3.248210449261623,4.8202073214443075
1.014273692398036,0.9720524017467248,-7.17044727600281,0.050882714033514076,0.16742133378088256,0.3839979655430005,0.7617563496586213,1.420789708079043,2.5133404124225907,3.258254247486583,4.873597589325093
1.009073993614297,0.9820960698689956,-7.170447279008746,0.0514358486138973,0.16934716403968877,0.3885896508765378,0.7712321431348917,1.438670001297935,2.540761157753436,3.2685903988254,4.92691345948097
1.0039534527114629,0.9921397379912663,-7.1704472848126315,0.051989636043059874,0.17127710839976312,0.39319351999402563,0.7807365051527664,1.4565897166675306,2.5677925833947084,3.2792636655666834,4.980141106133491
0.9989100814200081,1.002183406113537,-7.170447293595477,0.05254407939804056,0.17321115935529294,0.3978095725150408,0.7902692259272959,1.4745479973967204,2.5943970453438685,3.290319446194449,5.0332680891733474
0.9939419606924712,1.012227074235808,-7.170447305528702,0.05309918169342623,0.1751493094877961,0.4024378074434685,0.7998300949626157,1.4925439663876936,2.620535385280785,3.3018036715692403,5.086283205664013
0.9890472376354134,1.0222707423580786,-7.17044732077386,0.0536549458881846,0.17709155152054837,0.40707822326638204,0.8094189016144354,1.5105767263260395,2.6461672860260705,3.313762575571668,5.13917636808086
0.9842241226059533,1.0323144104803492,-7.170447339482376,0.054211374885904,0.17903787833743945,0.4117308179293015,0.8190354351394873,1.5286453582413349,2.67125174570329,3.326242326603623,5.191938495516463
0.97947088646255,1.04235807860262,-7.170447361795862,0.05476847152407851,0.18098828295705996,0.4163955887039945,0.8286794845696936,1.5467489197750206,2.695747681674986,3.3392885147501707,5.24456141676878
0.9747858579604385,1.0524017467248907,-7.17044738784584,0.05532623857815197,0.1829427585633787,0.42107253221366125,0.8383508389001406,1.5648864442785833,2.719614666462081,3.352945497539374,5.297037788950069
0.9701674212828099,1.0624454148471614,-7.170447417754013,0.055884678769163657,0.1849012985526585,0.425761644532109,0.8480492875267472,1.5830569400970018,2.7428137825365178,3.3672556161545817,5.349361024197263
0.9656140136994537,1.0724890829694322,-7.170447451632003,0.05644379474802775,0.18686389647782087,0.43046292095655797,0.8577746196702535,1.6012593876152623,2.765308568864905,3.382258307210647,5.401525221350546
0.9611241233451578,1.082532751091703,-7.170447489581659,0.057003589103764706,0.18883054609406047,0.4351763561225644,0.8675266249214444,1.6194927393268654,2.7870660263472344,3.3979891554126453,5.453525113157756
0.9566962871106917,1.0925764192139737,-7.170447531695262,0.057564064361457105,0.19080124135824197,0.43990194396255033,0.8773050931690639,1.637755917695846,2.808057619439705,3.414478937888014,5.505356012114823
0.9523290886396923,1.1026200873362444,-7.170447578055639,0.058125222985501115,0.19277597644862904,0.4446396777338093,0.8871098147269918,1.6560478138566286,2.828260214039008,3.4317527294909502,5.557013765836209
0.9480211564252283,1.1126637554585153,-7.170447628735877,0.05868706737291986,0.19475474573937882,0.44938954990962465,0.8969405801424548,1.6743672853263727,2.847656878939393,3.4498291374913572,5.608494714329169
0.9437711620002275,1.122707423580786,-7.170447683800246,0.05924959985896093,0.1967375438328807,0.4541515522851081,0.9067971805950031,1.692713155284839,2.8662374884873336,3.4687197346777574,5.659795654107582
0.9395778182163489,1.1327510917030565,-7.170447743303692,0.05981282271699006,0.19872436555583828,0.458925675917472,0.9166794076540782,1.7110842099532895,2.8839990698793043,3.4884287411771675,5.71091380506392
0.9354398776062375,1.1427947598253274,-7.170447807292624,0.06037673814764495,0.20071520591738784,0.4637119110130934,0.926587053185643,1.7294791965675518,2.900945866143636,3.508952987840293,5.761846778512218
0.9313561308244244,1.1528384279475983,-7.170447875804799,0.06094134830083275,0.20271006019975915,0.4685102471816623,0.9365199098997363,1.7478968222646483,2.9170891105037557,3.5302821677124734,5.812592549264328
0.9273254051624528,1.162882096069869,-7.170447948869474,0.06150665525951853,0.20470892388985687,0.47332067323316435,0.946477770929825,1.7663357513497835,2.93244653248027,3.552399352766863,5.863149433575373
0.9233465631340848,1.1729257641921396,-7.170448026508034,0.06207266103870477,0.20671179267046683,0.47814317714524596,0.9564604297231724,1.784794602314288,2.9470416405469053,3.575281727736638,5.913516059264848
0.9194185011267183,1.1829694323144104,-7.170448108733757,0.06263936760233384,0.2087186624879927,0.48297774627244744,0.9664676805636201,1.8032719468567495,2.9609028478101247,3.598901487654262,5.963691350535127
0.9155401481153776,1.193013100436681,-7.1704481955527415,0.06320677684589911,0.21072952947748191,0.4878243671397435,0.9764993181322381,1.8217663064656007,2.974062503281982,3.6232268213689847,6.013674505257736
0.9117104644358798,1.2030567685589517,-7.170448286963302,0.06377489060935171,0.21274439000834494,0.4926830255754577,0.9865551377324387,1.8402761499330649,2.9865558999221036,3.648222919554158,6.063464976462175
0.9079284406139826,1.2131004366812226,-7.170448382957111,0.06434371067262408,0.2147632406574021,0.4975537066249458,0.9966349350092891,1.8587998899871307,2.998420316172166,3.673852947016735,6.113062454765076
0.9041930962475205,1.2231441048034934,-7.170448483518652,0.06491323875726779,0.2167860782146921,0.5024363946220567,1.0067385062626326,1.8773358810348966,3.009694137364356,3.700078936764648,6.16246685384473
0.9005034789387193,1.233187772925764,-7.170448588626158,0.06548347653162319,0.21881289969356615,0.5073310732090159,1.0168656483142158,1.895882415591662,3.0204160853173225,3.7268625724837525,6.211678294931421
0.8968586632740461,1.2432314410480347,-7.170448698251686,0.06605442559854875,0.22084370227086242,0.5122377251769055,1.027016158183379,1.9144377203392327,3.030624573002344,3.7541658458391107,6.260697092551511
0.8932577498491158,1.2532751091703056,-7.170448812361079,0.06662608751929457,0.22287848338043584,0.5171563327810109,1.0371898337695873,1.9329999538363023,3.0403571885070932,3.781951585575881,6.309523741692731
0.8896998643363216,1.2633187772925762,-7.170448930914805,0.06719846379052911,0.22491724060507032,0.5220868774087879,1.047386472924657,1.951567200659332,3.049650300936838,3.8101838605625957,6.3581589053181276
0.8861841565929925,1.2733624454148469,-7.170449053867603,0.06777155586217486,0.22695997174247481,0.5270293398230124,1.0576058740734782,1.970137468815342,3.0585387794228582,3.8388282731209666,6.406603402160129
0.8827097998080122,1.2834061135371178,-7.170449181169428,0.068345365132125,0.22900667477529962,0.5319837001067229,1.0678478360660946,1.9887086850558375,3.067055808428352,3.8678521546872986,6.454858197718918
0.8792759896849578,1.2934497816593886,-7.17044931276506,0.06891989294788912,0.23105734786298648,0.5369499376269647,1.0781121578517014,2.007278689555509,3.075232783420873,3.89722467874092,6.502924391659862
0.875881943659921,1.3034934497816593,-7.170449448594785,0.06949514060651829,0.23311198933530003,0.5419280310814216,1.0883986387628022,2.025845232011821,3.0830992724260815,3.926916911851473,6.55080321077034
0.8725269001522886,1.31353711790393,-7.170449588594679,0.07007110936197632,0.23517059770997753,0.5469179585550904,1.098707078359771,2.044405965367652,3.0906830266864693,3.9569018092482287,6.598495995278632
0.8692101178468515,1.3235807860262008,-7.170449732696666,0.07064780041616718,0.23723317164207178,0.5519196973942063,1.1090372761547989,2.062958440677249,3.0980100304369715,3.9871541786480447,6.646004195521985
0.8659308750057055,1.3336244541484716,-7.170449880828697,0.0712252149325127,0.2392997099750725,0.5569332244124748,1.1193890320897903,2.081500101760221,3.1051045767934626,4.017650612661137,6.693329360070797
0.8626884688084945,1.3436681222707423,-7.170450032915458,0.07180335402472197,0.241370211673817,0.561958515684911,1.1297621457879963,2.1000282775401793,3.1119893617452488,4.048369403511372,6.740473128337012
0.8594822147196269,1.353711790393013,-7.170450188878053,0.07238221877133735,0.243444675883301,0.5669955467926999,1.1401564172678964,2.118540177423367,3.1186855905340196,4.079290450018259,6.787437224870586
0.8563114458811713,1.3637554585152838,-7.17045034863466,0.0729618102004707,0.24552310184551782,0.5720442925677957,1.150571646064928,2.1370328821250624,3.125213088377339,4.110395152537865,6.8342234499417875
0.8531755125302076,1.3737991266375544,-7.170450512100551,0.07354212931384406,0.24760548899331428,0.5771047274445221,1.1610076321242253,2.1555033386240683,3.131590414984526,4.141666313117692,6.880833674537984
0.8500737814394803,1.383842794759825,-7.170450679188327,0.07412317706010199,0.2496918368204257,0.5821768250459719,1.171464174600501,2.173948350107875,3.137834976409185,4.173088030273003,6.927269833670486
0.8470056353802582,1.393886462882096,-7.17045084980842,0.0747049543685506,0.25178214502155294,0.587260558712953,1.181941073182037,2.1923645705431913,3.1439631356082036,4.204645602982846,6.973533920901593
0.8439704726063674,1.4039301310043668,-7.170451023868747,0.075287462116167,0.2538764133286045,0.5923559009539916,1.192438126503691,2.2107484932142882,3.1499903167737937,4.236325431469155,7.0196279778084385
0.8409677063584187,1.4139737991266375,-7.170451201275493,0.07587070115521724,0.25597464162701794,0.5974628238977756,1.2029551332049235,2.2290964438898784,3.1559311063441404,4.268114932392099,7.065554096714122
0.8379967643872986,1.424017467248908,-7.170451381933108,0.07645467230280328,0.2580768298917801,0.6025812990967565,1.2134918914752724,2.2474045714631,3.1617993473958887,4.300002453881615,7.111314409105037
0.8350570884960519,1.434061135371179,-7.17045156574431,0.0770393763500591,0.260182978222501,0.6077112976919662,1.2240481992095724,2.2656688381416332,3.1676082282651135,4.331977197998994,7.156911083581558
0.832148134099315,1.4441048034934496,-7.170451752610534,0.0776248140493776,0.2622930867661954,0.6128527901651909,1.234623853336556,2.283885008964524,3.1733703653094945,4.364029148830056,7.202346319752052
0.8292693697995168,1.4541484716157203,-7.170451942432019,0.07821098613198636,0.26440715579413826,0.6180057466544298,1.2452186505481049,2.302048643068808,3.1790978805141084,4.396149008663776,7.247622346356558
0.8264202769790967,1.4641921397379911,-7.170452135108014,0.07879789329598534,0.26652518562516436,0.6231701367009063,1.2558323864283136,2.320155081814314,3.184802472677291,4.42832813487758,7.29274141171385
0.8236003494080267,1.474235807860262,-7.170452330536961,0.07938553621943552,0.2686471766857529,0.6283459295258454,1.2664648563089325,2.338199440560585,3.190495484616195,4.460558488806174,7.337705786017001
0.8208090928659663,1.4842794759825326,-7.170452528616485,0.07997391554848998,0.2707731294343564,0.633533093765985,1.2771158541689638,2.356176596039591,3.1961879640337365,4.4928325830131,7.382517754341568
0.8180460247784088,1.4943231441048033,-7.170452729243873,0.08056303191499173,0.2729030444339973,0.6387315977662554,1.287785173486046,2.374081177995975,3.201890720761586,4.525143436959524,7.427179611992649
0.8153106738662105,1.5043668122270741,-7.170452932315856,0.0811528859190581,0.27503692226365073,0.64394140932599,1.2984726064720664,2.391907558210218,3.207614378828758,4.557484535584482,7.4716936641081855
0.8126025798079255,1.5144104803493448,-7.1704531377291385,0.08174347814736235,0.2771747635861706,0.6491624959253616,1.3091779443996943,2.409649841430381,3.2133694244479485,4.589849791591112,7.516062219742432
0.8099212929143962,1.5244541484716156,-7.1704533453801576,0.08233480916219661,0.27931656909419955,0.654394824617396,1.3199009773996413,2.4273018566850455,3.2191662497595828,4.622233512037731,7.560287591588699
0.8072663738150774,1.5344978165938863,-7.170453555165574,0.08292687951163846,0.28146233953953703,0.6596383621164319,1.330641494408126,2.4448571492551694,3.2250151922437147,4.654630365968482,7.60437208919654
0.8046373931555972,1.5445414847161572,-7.170453766982258,0.08351968971768212,0.2836120756713023,0.6648930746419422,1.3413992827604864,2.4623089738649044,3.230926570094074,4.6870353578174715,7.648318020153426
0.802033931306084,1.5545851528384278,-7.170453980727008,0.08411324029929847,0.28576577833382816,0.6701589282797907,1.3521741290372442,2.479650291269182,3.236910713778519,4.719443803017807,7.6921276881378375
0.7994555780798042,1.5646288209606984,-7.17045419629751,0.08470753174854355,0.28792344834189715,0.6754358885671713,1.3629658177092918,2.496873762660868,3.2429779918211845,4.751851300550492,7.735803384027971
0.7969019324616899,1.5746724890829693,-7.170454413591731,0.08530256454532661,0.29008508654440035,0.6807239207560707,1.3737741318608219,2.513971751148249,3.249138833737638,4.784253716388411,7.77934739169703
0.794372602346343,1.58471615720524,-7.170454632508331,0.08589833916206614,0.29225069383469243,0.6860229898866795,1.3845988532948514,2.5309363241579144,3.255403747162549,4.816647162644143,7.822761979433434
0.7918672042851276,1.5947598253275108,-7.170454852946523,0.08649485605477902,0.2944202710978504,0.6913330605978675,1.3954397617569552,2.5477592581299264,3.261783329611276,4.849027980905005,7.8660494051930305
0.7893853632419848,1.6048034934497815,-7.170455074806705,0.08709211567038007,0.2965938192372691,0.6966540972635162,1.406296635279125,2.564432049041059,3.2682882749337367,4.88139272442666,7.909211906255665
0.7869267123576107,1.6148471615720523,-7.170455297989854,0.0876901184441972,0.29877133915668247,0.7019860639670705,1.4171692499731172,2.5809459268085533,3.2749293737468363,4.9137381460078835,7.952251703882717
0.7844908927216655,1.624890829694323,-7.170455522398031,0.08828886479779272,0.30095283173686377,0.7073289244265928,1.4280573797631086,2.5972918748966545,3.281717507147758,4.946061183626815,7.9951709994474545
0.7820775531526903,1.6349344978165936,-7.170455747934355,0.0888883551662421,0.30313829795884517,0.7126826424592014,1.4389607973808012,2.6134606572085,3.2886636339852355,4.978358950246313,8.037971974358213
0.7796863499854266,1.6449781659388645,-7.170455974503107,0.08948858994416883,0.3053277386429016,0.7180471810898911,1.4498792719484994,2.6294428466290847,3.295778768782523,5.0106287180980384,8.080656785020318
0.7773169468652444,1.6550218340611351,-7.170456202009852,0.09008956953891997,0.3075211546901653,0.7234225034350357,1.460812571312972,2.6452288679998874,3.303073954778585,5.04286791408347,8.1232275648628
0.7749690145494016,1.665065502183406,-7.170456430361207,0.09069129435968923,0.30971854701798723,0.7288085724537245,1.471760461003377,2.6608090424004196,3.3105602263712592,5.075074108396531,8.165686423306207
0.7726422307148672,1.6751091703056766,-7.170456659465181,0.09129376478630427,0.3119199164190502,0.7342053505365048,1.4827227032246129,2.676173639985828,3.3182485633720873,5.107245004221732,8.2080354431616
0.770336279772452,1.6851528384279475,-7.170456889231389,0.09189698122643988,0.3141252638076425,0.7396128003232358,1.4936990587652228,2.69131294442964,3.3261498387056183,5.1393784338729125,8.250276681094602
0.7680508526870085,1.6951965065502181,-7.170457119570678,0.09250094405259163,0.3163345899330878,0.7450308838042741,1.504689284693158,2.706217319104198,3.334274755217004,5.171472347971432,8.292412165465533
0.7657856468034591,1.7052401746724888,-7.170457350395218,0.09310565365958667,0.3185478956277527,0.750459563103175,1.5156931359795285,2.7208772853474583,3.3426337769197203,5.203524810322099,8.334443895158413
0.7635403656784405,1.7152838427947597,-7.170457581618988,0.09371111042154633,0.32076518161300793,0.7558987999181299,1.5267103641647681,2.735283603864864,3.351237051943769,5.23553399146641,8.376373840014427
0.7613147189173426,1.7253275109170303,-7.170457813157414,0.09431731472752002,0.32298644864827447,0.7613485559855809,1.53774071836593,2.7494273643921456,3.3600943310427245,5.267498165149152,8.418203942083574
0.7591084220165437,1.7353711790393012,-7.170458044927301,0.09492426695870768,0.3252116974262109,0.7668087927670024,1.5487839441705926,2.7633000757554433,3.3692148796563255,5.299415698917397,8.459936109409744
0.7569211962106457,1.7454148471615718,-7.1704582768474205,0.09553196749711504,0.3274409286056844,0.7722794715823463,1.559839784097539,2.7768937614498945,3.378607389721571,5.331285053547278,8.501572222766656
0.7547527683245239,1.7554585152838427,-7.170458508838051,0.09614041671753673,0.32967414277021184,0.7777605534767831,1.5709079769647794,2.7902010528061507,3.388279889088576,5.363104774784477,8.54311412669818
0.7526028706300119,1.7655021834061133,-7.1704587408209,0.09674961501510022,0.3319113405490279,0.7832519996467644,1.5819882588464975,2.8032152822379928,3.39823965490183,5.394873493518555,8.584563639630083
0.7504712407070518,1.7755458515283842,-7.170458972719744,0.09735956276437945,0.3341525224231124,0.7887537707820906,1.5930803612375293,2.815930568410244,3.4084931288192473,5.426589916366982,8.625922541430302
0.748357621309147,1.7855895196506548,-7.170459204459806,0.0979702603620623,0.33639768891847566,0.7942658277654875,1.6041840127583749,2.828341898084017,3.4190458425968724,5.45825282839888,8.667192586898517
0.7462617602329575,1.7956331877729255,-7.170459435968237,0.09858170819253284,0.3386468404457194,0.7997881311273676,1.615298937557652,2.840445194128914,3.429902350011232,5.4898610836779556,8.708375492213534
0.744183410191894,1.8056768558951963,-7.170459667173559,0.09919390665294475,0.3408999774070352,0.8053206414101117,1.6264248560697283,2.8522373742395053,3.441066173317308,5.521413604893056,8.749472940270937
0.742122328693559,1.815720524017467,-7.170459898006607,0.09980685614147082,0.3431571001410873,0.8108633190189832,1.6375614845943276,2.8637163942516994,3.4525397631292356,5.552909383954853,8.790486588922677
0.7400782779209039,1.8257641921397378,-7.1704601283993705,0.10042055705489775,0.3454182089081109,0.8164161241601742,1.6487085348606265,2.8748812749408055,3.4643244722232325,5.584347472136278,8.831418057306978
0.7380510246169666,1.8358078602620085,-7.1704603582859905,0.10103500981178795,0.3476833039880684,0.8219790171587975,1.6598657144953917,2.8857321134524274,3.476420547763165,5.615726979455165,8.872268927651907
0.7360403399730617,1.8458515283842793,-7.170460587602162,0.10165021480871363,0.34995238548723656,0.8275519579189063,1.6710327260640891,2.8962700771684737,3.4888271407143354,5.6470470770126715,8.913040754160003
0.7340459995203058,1.85589519650655,-7.170460816285452,0.10226617247351932,0.35222545356907986,0.8331349065828791,1.6822092679678187,2.9064973806198426,3.5015423306620073,5.678306991224701,8.953735062641035
0.7320677830243558,1.8659388646288209,-7.170461044275144,0.1028828832266367,0.3545025082814755,0.8387278230543126,1.693395033361494,2.9164172459388507,3.5145631667923407,5.7095060010999745,8.994353341488099
0.730105474383253,1.8759825327510915,-7.170461271512459,0.10350034748270813,0.35678354954979924,0.8443306668847318,1.7045897093723685,2.9260338483105484,3.5278857212173746,5.7406434290973065,9.034897032338435
0.7281588615282621,1.8860262008733621,-7.170461497939857,0.10411856569882863,0.35906857741758225,0.8499433982608137,1.7157929801378873,2.9353522536697483,3.541505163934864,5.771718660220895,9.075367568779491
0.7262277363276036,1.896069868995633,-7.170461723502124,0.10473753830021248,0.36135759167950926,0.8555659765914397,1.727004522288884,2.944378337541618,3.5554158339411,5.802731123827341,9.115766357805446
0.7243118944929796,1.9061135371179037,-7.1704619481454115,0.10535726573490656,0.3636505921387051,0.8611983614369879,1.738224007124282,2.953118702318084,3.569611325748287,5.833680280876729,9.15609472965101
0.7224111354887973,1.9161572052401745,-7.1704621718177535,0.10597774846643766,0.36594757858196464,0.8668405125406873,1.7494511011952314,2.961580589560574,3.5840845863167945,5.8645656513484035,9.19635402384046
0.7205252624440003,1.9262008733624452,-7.170462394468914,0.10659898694695283,0.3682485506377066,0.8724923891873809,1.760685463671946,2.969771784681402,3.598828002277935,5.8953867883137745,9.236545525727605
0.7186540820664182,1.936244541484716,-7.170462616050163,0.10722098164752111,0.37055350792297265,0.8781539508341178,1.7719267482487193,2.977700526094134,3.6138334985444285,5.926143288786338,9.276670495657765
0.71679740455955,1.9462882096069867,-7.170462836514777,0.10784373304503483,0.37286244998565776,0.8838251568858054,1.783174602215091,2.985375413828961,3.6290926303232487,5.956834798880357,9.316730208988652
0.7149550435417003,1.9563318777292573,-7.170463055817551,0.10846724160414951,0.37517537621158265,0.8895059663008672,1.7944286648221661,2.9928053199981517,3.6445966643945957,5.987460967215535,9.356725783673403
0.71312681596739,1.9663755458515282,-7.1704632739142085,0.10909150789275382,0.3774922863446087,0.89519633959519,1.80568857364587,2.999999313025553,3.6603366883464696,6.018021555894314,9.396658537874346
0.7113125420509682,1.9764192139737988,-7.170463490763873,0.10971653234418972,0.37981317943130805,0.900896234944485,1.8169539520702471,3.006966569572754,3.676303647311107,6.048516283787906,9.43652955438591
0.709512045192347,1.9864628820960697,-7.170463706324256,0.1103423156068178,0.38213805535724543,0.9066056137145743,1.8282244257156728,3.0137163189600797,3.692488464670621,6.07894498946943,9.476340089321615
0.7077251519047986,1.9965065502183403,-7.170463920559216,0.11096885669098813,0.384466906363905,0.9123244079537951,1.8394995129185916,3.020257685418311,3.70888170009783,6.1093061295817135,9.516087242996006
0.7059516917447383,2.006550218340611,-7.17046413343869,0.1115961584990247,0.3867997427936129,0.9180526218981524,1.8507789806389947,3.026599959492777,3.725475012658329,6.139602253228829,9.555780415013297
0.7041914972434362,2.016593886462882,-7.170464344903445,0.11222422197846968,0.3891365651739511,0.9237902170704195,1.8620624153135743,3.032752127233358,3.7422593780540403,6.169832386247751,9.595417260872438
0.7024444038405916,2.0266375545851525,-7.170464554941638,0.11285304501283447,0.3914773605419894,0.9295371084480495,1.873349266454336,3.0387229426488576,3.7592256035336282,6.19999500348006,9.634995315667085
0.7007102498197108,2.0366812227074234,-7.170464763513972,0.113482629463327,0.3938221338091879,0.9352932776769645,1.884639186650511,3.044521130957246,3.776365412283162,6.2300909652083165,9.674518084037313
0.698988876245232,2.0467248908296938,-7.170464970589174,0.11411297574183289,0.396170883143496,0.9410586810337577,1.895931736201865,3.050155131558141,3.7936704451524745,6.260120105540638,9.713986161239665
0.6972801269013408,2.0567685589519646,-7.170465176137628,0.1147440845041574,0.3985236077328111,0.9468332788633873,1.9072264794011686,3.0556331544352795,3.811132632179128,6.2900824430321975,9.753400541520064
0.6955838482324223,2.0668122270742355,-7.170465380131378,0.11537595625717921,0.4008803059780033,0.952617028960692,1.91852296376391,3.060963150149822,3.8287441432391827,6.319977980491084,9.792762124633512
0.6938998892850998,2.0768558951965064,-7.170465582543018,0.11600859167722308,0.40324097694453326,0.9584098916601476,1.9298207339887108,3.0661528072892996,3.846497435939443,6.349806784053356,9.832071857721923
0.6922281016518095,2.0868995633187772,-7.170465783347869,0.11664199127565447,0.4056056188360449,0.9642118244026897,1.9411193160694598,3.0712095369178116,3.864385219964395,6.379568873732812,9.871330501625001
0.6905683394158625,2.096943231441048,-7.1704659825217165,0.11727615566332271,0.4079742301979614,0.9700227860775382,1.9524182297654713,3.0761404771000174,3.8824005010849727,6.409264333513653,9.91053887994925
0.6889204590979503,2.1069868995633185,-7.170466180041779,0.1179110854645881,0.41034680954130726,0.9758427356959958,1.9637169843023705,3.0809524900236136,3.9005365676805313,6.438893267181026,9.949697795284347
0.6872843196040468,2.117030567685589,-7.170466375886679,0.11854678127290955,0.41272335511271024,0.9816716314779161,1.975015075040167,3.085652162820523,3.9187869825833435,6.468455785857501,9.988808001895716
0.6856597821746648,2.12707423580786,-7.170466570036483,0.11918324372679222,0.4151038652735593,0.9875094323331337,1.9863119880830962,3.090245814924604,3.937145593769364,6.497952037369046,10.027870255961707
0.6840467103354269,2.1371179039301307,-7.170466762472537,0.11982047344798123,0.41748833819437814,0.9933560966646008,1.99760719573706,3.0947395016689665,3.9556065172677304,6.527382183569399,10.066885290671657
0.6824449698489077,2.1471615720524015,-7.170466953176895,0.12045847106584023,0.4198767719693877,0.9992115827702027,2.0089001572228047,3.0991390221745383,3.9741641301411432,6.5567463859507225,10.10585376444856
0.6808544286677125,2.1572052401746724,-7.1704671421334165,0.12109723724313756,0.4222691647559915,1.0050758494544598,2.0201903207562903,3.103449929658254,3.9928130772649895,6.586044857849396,10.144776402932626
0.6792749568887521,2.1672489082969433,-7.1704673293268515,0.1217367726155591,0.4246655144740496,1.010948854842126,2.0314771189333714,3.107677538067529,4.011548243644518,6.615277800382677,10.183653830927389
0.6777064267086792,2.1772925764192137,-7.170467514743208,0.12237707784810956,0.4270658190717067,1.0168305573036267,2.0427599710599633,3.111826933456438,4.030364757331511,6.644445440976416,10.222486683268203
0.6761487123804522,2.1873362445414846,-7.170467698369571,0.12301815360835587,0.4294700764181836,1.0227209152167431,2.0540382824364545,3.115902984044715,4.049257978819816,6.673548026908683,10.261275585604107
0.6746016901709913,2.197379912663755,-7.170467880194216,0.12366000056375803,0.4318782842719594,1.0286198867206178,2.065311442815092,3.119910350127093,4.068223488796971,6.702585817442914,10.300021128160306
0.6730652383198966,2.207423580786026,-7.170468060206293,0.12430261940965125,0.43429044042557713,1.0345274302346612,2.0765788271964776,3.123853494880014,4.087257079589394,6.731559084198513,10.338723880610026
0.6715392369991946,2.2174672489082967,-7.170468238396186,0.12494601081896961,0.4367065424638556,1.040443503675774,2.0878397935393957,3.1277366942379112,4.10635474430766,6.760468113424934,10.377384399177926
0.6700235682740845,2.2275109170305676,-7.170468414755455,0.12559017549307408,0.43912658800568843,1.0463680652133631,2.09909368405233,3.131564047886905,4.1255126701268985,6.789313207208681,10.416003228491057
0.6685181160646549,2.2375545851528384,-7.1704685892761315,0.1262351141427608,0.4415505746233842,1.0523010730668592,2.1103398241447198,3.135339489107958,4.144727227836364,6.818094679228718,10.454580883128537
0.6670227661085426,2.247598253275109,-7.170468761951737,0.12688082745190352,0.44397849966160324,1.0582424848257983,2.121577520067637,3.139066794024189,4.163994958879191,6.846812850992672,10.493117861799098
0.6655374059245052,2.2576419213973797,-7.170468932776529,0.12752731615093305,0.44641036059193034,1.064192258650471,2.1328060612929938,3.1427495921854374,4.183312572202983,6.875468055587987,10.53161463818595
0.664061924776883,2.26768558951965,-7.170469101745636,0.12817458097096907,0.44884615479795337,1.0701503526256027,2.144024718979478,3.1463913758474646,4.202676938318566,6.904060653266934,10.570071709041663
0.6625962136409236,2.277729257641921,-7.170469268855089,0.12882262262169947,0.451285879462255,1.0761167242101723,2.155232742592404,3.1499955073418637,4.222085066713244,6.932590987692366,10.60848949286467
0.6611401651689438,2.287772925764192,-7.170469434101984,0.1294714418335991,0.45372953177982145,1.0820913311132212,2.166429362841606,3.153565229557495,4.241534113961546,6.9610594311603835,10.646868438604594
0.6596936736573075,2.2978165938864628,-7.170469597484141,0.13012103935396452,0.45617710894023666,1.0880741311323445,2.1776137898086683,3.157103673438798,4.261021368707457,6.989466359490306,10.685208965472594
0.6582566350141927,2.3078602620087336,-7.1704697590000634,0.13077141591747357,0.4586286079769861,1.0940650817117354,2.1887852117424225,3.160613865937643,4.280544246562616,7.017812159658447,10.723511476723154
0.6568289467281303,2.317903930131004,-7.170469918649226,0.13142257228439194,0.4610840259727853,1.1000641406023426,2.1999427956346462,3.1640987378760794,4.300100283665178,7.046097227951816,10.761776366979579
0.6554105078372869,2.327947598253275,-7.170470076431693,0.1320745092199923,0.46354335992866874,1.1060712653088283,2.2110856850429657,3.1675611307110656,4.319687127876502,7.074321966098858,10.800004008628058
0.6540012188994776,2.3379912663755453,-7.17047023234861,0.13272722744042575,0.4660066065523494,1.1120864125952632,2.2222129986748977,3.1710038032572125,4.339302530047073,7.102486775327996,10.838194750664764
0.6526009819628819,2.348034934497816,-7.170470386401547,0.13338072775423465,0.4684737628899492,1.11810954038035,2.2333238340376624,3.174429439852877,4.358944351980968,7.130592083965967,10.876348963378843
0.6512097005374491,2.358078602620087,-7.170470538592817,0.13403501090056333,0.47094482558481887,1.1241406053372678,2.2444172604815793,3.1778406542881594,4.378610540731326,7.158638304107519,10.914466959601219
0.6498272795669693,2.368122270742358,-7.1704706889256,0.13469007765404936,0.4734197913769562,1.130179564646728,2.2554923237437294,3.1812399979080075,4.39829914073359,7.186625866743969,10.952549062876521
0.6484536254017951,2.378165938864629,-7.170470837403417,0.13534592881770696,0.47589865705047385,1.1362263756765691,2.266548043599404,3.184629964536201,4.418008284930823,7.214555217230881,10.990595607112759
0.647088645772194,2.388209606986899,-7.1704709840306435,0.13600256514945325,0.47838141911944626,1.1422809950068307,2.2775834108744717,3.1880129952073646,4.437736180418162,7.242426787825868,11.028606870142486
0.6457322497623165,2.39825327510917,-7.170471128812333,0.13665998744879648,0.4808680741994724,1.1483433795748514,2.288597389682267,3.191391484349283,4.457481116888011,7.270241030640157,11.06658315740983
0.6443843477847604,2.4082969432314405,-7.1704712717539305,0.1373181964962736,0.48335861876310526,1.1544134859861706,2.299588914724833,3.194767783951658,4.477241451380817,7.2979983839933515,11.104524709101456
0.6430448515557177,2.4183406113537114,-7.170471412861508,0.13797719308257578,0.4858530492525211,1.1604912708375112,2.310556892157785,3.1981442090251435,4.497015618320323,7.325699317437313,11.142431830549846
0.6417136740706876,2.4283842794759822,-7.170471552141854,0.13863697798778873,0.48835136198869405,1.1665766902681438,2.321500196278804,3.201523040707918,4.5168021066040644,7.353344271582311,11.1803047315228
0.6403907295807391,2.438427947598253,-7.170471689601997,0.13929755205002808,0.4908535535082977,1.1726697013257807,2.332417673814522,3.2049065326437485,4.536599481544802,7.380933726154359,11.218143698033339
0.6390759335693115,2.448471615720524,-7.170471825249648,0.13995891605420552,0.4933596200250945,1.178770259989211,2.343308137387906,3.208296912743486,4.556406359937637,7.408468148089103,11.2559489646787
0.6377692027295347,2.4585152838427944,-7.170471959093056,0.14062107078081196,0.4958695576683365,1.1848783219134236,2.354170366193798,3.2116963871990953,4.576221405852553,7.4359479828042145,11.29372070546537
0.6364704549420592,2.4685589519650653,-7.170472091140834,0.14128401705892915,0.49838336274529477,1.1909938435593765,2.365003109919478,3.215107146186731,4.596043353939285,7.463373721565134,11.331459179135027
0.6351796092533794,2.4786026200873357,-7.1704722214020125,0.14194775569558946,0.500901031378842,1.1971167806128509,2.375805082050447,3.2185313645714584,4.615870976961941,7.490745828329973,11.369164572443857
0.6338965858546394,2.4886462882096065,-7.170472349886167,0.14261228750655308,0.5034225596966099,1.2032470889890075,2.3865749637397187,3.2219712070780777,4.635703104079131,7.518064787075299,11.40683709813527
0.6326213060609079,2.4986899563318774,-7.170472476603327,0.14327761330303784,0.5059479437354606,1.2093847242024482,2.3973114001931677,3.2254288298329428,4.655538605060387,7.545331072067263,11.444476938562644
0.6313536922909098,2.5087336244541483,-7.1704726015636515,0.14394373390192128,0.5084771795100106,1.2155296417385744,2.408013001691008,3.2289063838548713,4.675376394900568,7.572545166715432,11.482084294638584
0.6300936680472009,2.5187772925764187,-7.170472724777885,0.1446106501143773,0.5110102629448251,1.2216817967449365,2.418678342342663,3.2324060172557005,4.69521542573267,7.599707536207021,11.519659296395059
0.62884115789678,2.5288209606986896,-7.170472846257176,0.14527836273800265,0.5135471898604596,1.2278411440910766,2.4293059603294256,3.235929878114962,4.7150546941544444,7.626818667632904,11.557202127192143
0.6275960874521194,2.5388646288209604,-7.170472966012815,0.14594687266728057,0.5160879564801767,1.2340076399966982,2.439894360926182,3.2394801175928256,4.734893243213711,7.653879061611784,11.594712982362873
0.626358383352609,2.5489082969432313,-7.170473084056634,0.14661618063907011,0.5186325582293083,1.2401812378839177,2.4504420061718792,3.2430588882815004,4.754730130081724,7.680889176483846,11.632191970649998
0.6251279732464015,2.5589519650655017,-7.1704732004007035,0.14728628750332026,0.5211809910256527,1.2463618929114157,2.46094732645143,3.24666835040024,4.77456446263149,7.707849502319113,11.66963924993333
0.6239047857726465,2.5689956331877726,-7.170473315057462,0.14795719409277866,0.5237332506607891,1.2525495597589114,2.4714087146464663,3.2503106711920844,4.794395379774752,7.734760526725424,11.707054968631837
0.6226887505441079,2.5790393013100434,-7.170473428039343,0.1486289012199006,0.5262893327818893,1.2587441925419869,2.481824525933205,3.2539880260382668,4.814222045154537,7.761622720444255,11.744439232463147
0.6214797981301505,2.5890829694323143,-7.170473539359258,0.14930140973798398,0.5288492332024746,1.2649457460069153,2.4921930817555524,3.257702601356582,4.834043665738177,7.788436589585759,11.781792227388912
0.6202778600400904,2.5991266375545847,-7.170473649030257,0.14997472046136517,0.5314129474883446,1.2711541738751555,2.502512665020234,3.2614565930738464,4.853859463165559,7.815202599852747,11.819114028611217
0.619082868706896,2.6091703056768556,-7.170473757066042,0.1506488341754351,0.5339804710424503,1.2773694293476863,2.5127815228328667,3.265252208384449,4.873668686826922,7.841921224712356,11.856404748259353
0.6178947574712355,2.6192139737991265,-7.170473863480082,0.15132375170873738,0.5365517994239841,1.2835914660307426,2.522997869199806,3.2690916668861734,4.893470615958992,7.868592939418877,11.893664483485384
0.6167134605658577,2.629257641921397,-7.170473968285925,0.1519994739491904,0.5391269284636472,1.2898202385375344,2.533159888088615,3.2729772019794106,4.913264571871881,7.895218256107563,11.930893403271325
0.6155389131003023,2.6393013100436677,-7.170474071497943,0.15267600162758124,0.5417058531722377,1.2960556983591833,2.543265722827536,3.2769110550913445,4.933049864245851,7.921797609816603,11.968091530932893
0.6143710510459268,2.6493449781659386,-7.170474173130213,0.15335333564650463,0.5442885693848648,1.3022977999702532,2.553313494457155,3.2808954833037154,4.952825862213744,7.948331511621242,12.005259039213131
0.6132098112212464,2.6593886462882095,-7.1704742731967706,0.15403147686217977,0.5468750726744932,1.3085464967544733,2.563301292351155,3.284932753630367,4.97259194658732,7.974820439500945,12.04239600404515
0.6120551312775777,2.66943231441048,-7.170474371712807,0.15471042593419218,0.5494653575954827,1.3148017383663586,2.573227168927089,3.2890251382798477,4.992347483868035,8.001264809460114,12.079502426526313
0.6109069496849769,2.6794759825327508,-7.170474468692316,0.15539018386011305,0.5520594203736257,1.3210634803875223,2.583089167917591,3.293174926406925,5.012091928165355,8.027665165183668,12.116578521126742
0.6097652057184693,2.6895196506550216,-7.170474564150377,0.15607075132247403,0.5546572556171924,1.3273316723680098,2.5928852938756575,3.2973844057323376,5.031824681176017,8.05402189087216,12.153624180286815
0.6086298394445593,2.699563318777292,-7.170474658102022,0.1567521292366276,0.5572588591083026,1.3336062682469723,2.602613545131933,3.3016558766441317,5.0515452340691835,8.080335539864882,12.190639689027332
0.6075007917080161,2.709606986899563,-7.170474750562225,0.1574343183002514,0.5598642254721725,1.339887217371443,2.612271889547996,3.3059916347237923,5.071253029790886,8.106606506797913,12.22762498173436
0.6063780041189283,2.719650655021834,-7.170474841545941,0.15811731952268526,0.5624733508902129,1.346174474650341,2.621858297100868,3.3103939843905366,5.090947598231597,8.132835323654499,12.264580252006844
0.6052614190400207,2.7296943231441047,-7.170474931068624,0.15880113350291433,0.5650862294646277,1.3524679873416934,2.631370708251459,3.314865216510264,5.1106284035460074,8.159022351576398,12.30150535939568
0.6041509795742265,2.739737991266375,-7.170475019145478,0.15948576123149433,0.5677028572598918,1.358767709836577,2.6408070771709453,3.319407626760181,5.130295017805146,8.185168149532403,12.33840059396207
0.6030466295525098,2.749781659388646,-7.170475105791977,0.1601712033668687,0.5703232286281513,1.3650735899707502,2.6501653389560023,3.324023490659612,5.14994694633446,8.211273089486008,12.375265845281504
0.6019483135219326,2.759825327510917,-7.170475191023705,0.1608574607863878,0.5729473390151981,1.3713855794336967,2.65944344284135,3.328715076328521,5.169583765581007,8.23733766872938,12.412101290400928
0.6008559767339586,2.7698689956331872,-7.170475274855668,0.1615445343844541,0.575575183935262,1.37770362995552,2.6686393460016493,3.3334846333981205,5.189205061970273,8.263362352758321,12.44890698118036
0.5997695651329916,2.779912663755458,-7.170475357303858,0.16223242485081651,0.5782067578438036,1.384027689260339,2.677751009189918,3.338334382066428,5.208810393535868,8.289347523971577,12.485682857528326
0.5986890253451386,2.789956331877729,-7.1704754383839795,0.16292113286797885,0.580842055204876,1.3903577052023188,2.686776414646648,3.3432665162157766,5.228399356375413,8.31529362831117,12.522429005879463
0.5976143046671968,2.8,-7.170475518110862,0.16361065954143467,0.5834810724891839,1.3966936320180223,2.695713582293268,3.348283203545152,5.247971597718007,8.341201143590308,12.559145486346535
