L,z,E1,E2,E3,E4,E5,E6,E7,E8,E9,E10,E11,E12,E13,E14
1.8257418583505538,0.3,-7.170447797233232,0.08784215023645404,0.31050577951752123,0.7439836046850364,1.8601450449190429,3.166106141634135,6.162876310126153,16.597861318705963,44.494717663992404,106.2315698620376,229.90281640920244,462.7464395843395,878.8263047116762,1653.0304268492705
1.7958708555509897,0.310062893081761,-7.170447671917421,0.09109773122744953,0.3229090546694522,0.7752887352080351,1.9454208254207976,3.184121085731275,6.287356843780285,16.688530645369056,44.58935169488042,106.42220684412061,230.54252158146264,465.0448460095214,885.5220702405637,1666.5877278788894
1.7674196168881628,0.320125786163522,-7.170447550742336,0.09437987878272064,0.33541744127173617,0.8070509853578708,2.0302957247716624,3.2024537063047895,6.409713170259827,16.779791042569414,44.68307108563615,106.60497034170386,231.1474970981912,467.2330143574905,892.0170019587047,1680.014292777493
1.740279123753264,0.330188679245283,-7.1704474353660705,0.09768887468989272,0.34803088611908434,0.8392701796577677,2.114434158422936,3.2214426039880446,6.530015444874483,16.87160343409323,44.77599337538316,106.78060965278796,231.7206851830949,469.31840305123285,898.3194924392844,1693.313706638963
1.7143517283302268,0.340251572327044,-7.170447327138876,0.10102495289210527,0.3607495065367469,0.8719452089699737,2.197459097573708,3.2414520802377393,6.648343022604789,16.963930942942724,44.86822033547857,106.94978554663085,232.2647138396143,471.30783941540994,904.4374780552731,1706.4895356114862
1.6895496728264416,0.350314465408805,-7.170447227125625,0.10438830129878365,0.3735735597753611,0.9050740064650522,2.2789436413397945,3.2628851629726623,6.764780731604406,17.0567388247858,44.959840383643765,107.11308274847578,232.78193695179027,473.2075828799302,910.3784685621515,1719.5453123732002
1.6657938377685408,0.360377358490566,-7.1704471361297575,0.10777906401219939,0.3865034163135871,0.9386535318134234,2.358403654726593,3.2861944866492396,6.879416142378462,17.14999438300252,45.050930577603886,107.27102039074717,233.27446848398324,475.02338095442656,916.1495747049928,1732.4845243909253
1.643012678630089,0.370440251572327,-7.170447054717705,0.11119734389635991,0.39953953669224757,0.972679762506331,2.435294329569071,3.311888424355645,6.992337577806662,17.243666872646852,45.141558270121344,107.42406080408588,233.74421175610945,476.7605188944817,921.7575339278334,1745.3106045183524
1.6211413181933645,0.380503144654088,-7.170446983243339,0.11464320541398546,0.4126824514934666,1.0071476912827895,2.5090153183468833,3.340528014333681,7.103632675149201,17.337727398587187,45.23178248974379,107.572616945599,234.1928845923428,478.4238638523697,927.2087342833877,1758.0269235624614
1.6001207683890462,0.390566037735849,-7.170446921871973,0.11811667766626413,0.42593274411457266,1.0420513286443593,2.5789307048342094,3.372708562520393,7.213387359855266,17.432148811614734,45.32165509824778,107.71705870305792,234.62204099907362,480.01790419707805,932.5092366497263,1770.636784506328
1.5798972603363204,0.40062893081761003,-7.170446870603354,0.12161775756117996,0.43929103595845403,1.0773837093974976,2.6444098869698744,3.409019956546974,7.321685126796064,17.52690560514748,45.411221765155496,107.85771826694724,235.03308991172102,481.5467845931122,937.6647953574816,1783.1434181066847
1.560421665241082,0.41069182389937103,-7.170446829294042,0.12514641305629914,0.45275797373951016,1.1131369022262263,2.704890954207234,3.449984193600088,7.4286065509086185,17.621973814281017,45.500522791740586,107.99489472628944,235.42731145780715,483.0143373507936,942.6808773412587,1795.549979659505
1.5416489919400511,0.4207547169811321,-7.170446797677885,0.1287025864155933,0.46633421859643465,1.1493020213398857,2.7599579021192815,3.4959788447810087,7.534228969085048,17.717330918485008,45.589593810619995,108.12885801507643,235.80587110783188,484.42411049137615,947.5626799168018,1807.8595467268335
1.5235379493834995,0.4308176100628931,-7.170446775384966,0.13228619743393158,0.4800204367536462,1.1858692392167751,2.809410451893783,3.5471677386847627,7.638626289402757,17.81295574860409,45.678466381927144,108.25985231305448,236.16983202373365,485.77939291255933,952.3151472861613,1820.0751176821896
1.5060505643653228,0.4408805031446541,-7.1704467619600525,0.13589714659188903,0.4938172915158024,1.222827799604452,2.853299925314317,3.6034654530792194,7.741868894910434,17.90882839869856,45.76716850328412,108.38809898640478,236.52016586470293,487.08323699083826,956.9429858652935,1832.199610912308
1.4891518464405578,0.4509433962264151,-7.170446756878794,0.13953531810004696,0.5077254363728048,1.2601660298218278,2.8919150335598083,3.664551786995515,7.844023617076374,18.004930142865973,45.85572504750679,108.51379913872641,236.85776226809062,488.3384789130036,961.4506785258253,1844.2358645994796
1.4728094932974416,0.4610062893081761,-7.170446759562469,0.1432005828063405,0.5217455090357452,1.2978713514441875,2.9257234450321756,3.729930372162931,7.945153760167173,18.101243357092343,45.94415813951932,108.63713583087413,237.18343718963118,489.54775699412204,965.84249783089,1856.1866369316315
1.4569936309357874,0.4710691823899371,-7.170446769391609,0.14689280095281568,0.5358781263004889,1.3359302887169227,2.955292790116819,3.7990077853153044,8.045319162566223,18.197751446122627,46.03248748198223,108.75827601832783,237.4979402577256,490.7135282036942,970.1225183436312,1868.0546067171
1.4416765838942587,0.4811320754716981,-7.170446785718387,0.1506118247515421,0.550123879540623,1.3743284735306942,2.9812168580244034,3.871167421044763,8.144576284207922,18.294438775156895,46.12073063747287,108.87737224706353,237.8019612750746,491.8380831018703,974.294628088446,1879.8423742892967
1.4268326715039823,0.4911949685534591,-7.170446807876689,0.1543575007802283,0.5644833307766729,1.4130506463281132,3.0040622537025885,3.9458228696172184,8.242978312069473,18.39129060609671,46.2089032735989,108.99456414174,238.0961359782096,492.9235593515834,978.3625392102311,1891.552462630053
1.412438026754744,0.5012578616352201,-7.1704468351925215,0.15812967218805685,0.5789570092158874,1.4520806519869736,3.0243383224706166,4.022448002029686,8.340575277940973,18.488293038357348,46.2970193765966,109.10997971464559,238.38105114778244,493.97195393641323,982.3297977283798,1903.1873177663574
1.398470434866455,0.5113207547169811,-7.170446866991844,0.16192818070589338,0.5935454081787968,1.4914014297049913,3.042485638188805,4.100588474117218,8.437414183512995,18.585432953729004,46.38509143841405,109.22373652416577,238.65724917939124,494.98513440807665,986.1997938101381,1914.7493158724194
1.3849091890815124,0.5213836477987421,-7.170446902608066,0.1657528684626029,0.608248982343716,1.5309949959274725,3.0588763227183464,4.179861388695549,8.533539129668302,18.68269796509841,46.47313061933406,109.33594269065024,238.92523210480695,495.9648487134461,989.9757683526981,1926.240752995391
1.3717349615482315,0.5314465408805031,-7.17044694138838,0.16960357961646083,0.6230681452984308,1.5708424194344686,3.0738205073526697,4.259948810565917,8.628991447434263,18.780076368985682,46.5611468922665,109.44669780728813,239.18546525323023,496.91273464435085,993.6608231762218,1937.6638592880076
1.3589296874637713,0.5415094339622641,-7.170446982699004,0.17348016179454198,0.6380032672878718,1.6109237872449766,3.0875751471415156,4.3405889276704865,8.723809828556892,18.877557101338084,46.64914916871858,109.55609374221842,239.43838048092164,497.8303280730118,997.2579274816461,1949.0207941549238
1.34647646089679,0.5515723270440251,-7.170447025929824,0.17738246736714525,0.6530546732225946,1.6512181605399283,3.100353053209383,4.421566997682585,8.818030454614371,18.975129696575582,46.73714541017963,109.6642153550127,239.68437908536973,498.7190706083825,1000.769925146081,1960.3136496085503
1.3343594409233168,0.5616352201257861,-7.170447070498059,0.1813103545389231,0.6682226407951125,1.691703518929267,3.112331126512582,4.502707099466031,8.911687123437687,19.072784249551997,46.82514272660271,109.77114113566813,239.92383442121408,499.5803165626851,1004.1995413175683,1971.5444520528358
1.3225637668905605,0.5716981132075472,-7.170447115851355,0.18526368829446233,0.683507398809623,1.7323566921237332,3.1236574274596838,4.583865058434399,9.004811372349595,19.1705113802451,46.913147463527864,109.87694377572555,240.15709425493088,500.41533932256004,1007.5493886097208,1982.7151641872924
1.3110754817778107,0.5817610062893082,-7.170447161470117,0.18924234118766017,0.6989091256179606,1.7731532773403753,3.134457050361634,4.664922579337677,9.097432597632864,19.268302200940475,47.001165279393966,109.9816906797592,240.38448288762189,501.225337178808,1010.8219728974472,1993.8276868633131
1.2998814627556345,0.5918238993710692,-7.170447206869378,0.19324619399570808,0.7144279476931479,1.8140675410769052,3.144836920410078,4.7457824715248735,9.189578170137166,19.366148285893704,47.089201214383,110.08544442450689,240.60630307233998,502.0114386688661,1014.0196987566625,2004.8838609484817
1.2889693581577462,0.6018867924528302,-7.170447251599817,0.1972751362448026,0.7300639383106035,1.8550723036080479,3.154889680454068,4.826364801445453,9.281273546441199,19.464041642889438,47.177259751486375,110.18826317133603,240.82283774815448,502.77470747733656,1017.1448745696965,2015.8854691739116
1.2783275301772408,0.6119496855345912,-7.170447295249514,0.20132906662013267,0.7458171163462841,1.8961388047692902,3.1646968368226047,4.906603805763314,9.372542376045494,19.56197468710677,47.2653448712334,110.29020103792656,241.03435161129136,503.51614693624435,1020.1997173206981,2026.834237957933
1.2679450026827304,0.6220125786163522,-7.170447337443127,0.20540789326847506,0.7616874451624868,1.9372365494275372,3.174331315223906,4.9864454156079585,9.46340660404293,19.65994021657156,47.353460100391636,110.39130843336467,241.24109254056617,504.2367041620324,1023.1863571019626,2037.7318391880199
1.2578114136224103,0.6320754716981132,-7.170447377842811,0.20951153400623757,0.7776748316050013,1.9783331314269406,3.183859553561465,5.065845267080314,9.553886569654306,19.75793138947413,47.44160855566559,110.4916323609919,241.44329289255842,504.9372738624777,1026.1068413536227,2048.5798919806402
1.2479169715468386,0.6421383647798742,-7.1704474161477885,0.21363991643982075,0.7937791250809821,2.0193940349872532,3.193343234404571,5.144767096383851,9.644001100537968,19.855941703005914,47.529792982799414,110.5912166924155,241.64117068012825,505.61870184336414,1028.96313885269,2059.3799643932057
1.2382524158357404,0.6522012578616352,-7.170447452094122,0.2177929780092815,0.8100001167257374,2.060382413218228,3.20284073846565,5.223181438775183,9.73376760291621,19.953964973626704,47.618015791691015,110.69010241587557,241.83493064624426,506.2817882419524,1031.7571434710526,2070.1335751032657
1.2288089802615825,0.6622641509433962,-7.17044748545321,0.22197066596182458,0.8263375386563081,2.1012588443417943,3.2124083822581175,5.301064567895768,9.823202147797545,20.051995318778,47.70627908799684,110.78832786168826,242.02476524369888,506.9272905111847,1034.490677716177,2080.842195037812
1.219578359564047,0.6723270440251572,-7.170447516031716,0.22617293726975607,0.8427910633083239,2.1419810675332247,3.2221014878117282,5.378397625483348,9.912319553121105,20.150027139673764,47.79458470145443,110.88592890710467,242.2108555301535,507.55592617662705,1037.1654960705328,2091.5072489626873
1.210552678745718,0.6823899371069182,-7.170447543670116,0.23039975849303254,0.8593603028678025,2.182503702532965,3.231975319427168,5.455165902883256,10.001133462249896,20.248055105408927,47.882934211541865,110.9829391628609,242.3933719868767,508.168375385673,1039.783288142374,2102.1301170251886
1.2017244648309766,0.6924528301886792,-7.170447568241238,0.2346511055926138,0.8760448087377642,2.2227779596401365,3.2420859109782327,5.531358243668967,10.0896564186644,20.346074138051623,47.97132897055846,111.07939014318477,242.57247526858058,508.7652832668954,1042.3456816408168,2112.712136252536
1.1930866208579276,0.7025157232704402,-7.170447589649561,0.23892696371293864,0.8928440711340303,2.2627513511141393,3.252490796887333,5.606966543866082,10.177899937127929,20.444079398716973,48.05977012446444,111.17531142090526,242.74831689087853,509.34726211546825,1044.854245186355,2123.254602003701
1.1846324018976404,0.7125786163522012,-7.170447607829017,0.24322732692400353,0.9097575187089673,2.3023674195648347,3.263249649561042,5.681985330941217,10.265874571378255,20.542066274594234,48.14825863178278,111.27073076929766,242.9210398615651,509.91489341951325,1047.310490967666,2133.758769375194
1.1763553929165558,0.7226415094339622,-7.170447622741942,0.24755219793604044,0.9267845182456049,2.3415655057842604,3.27442481566393,5.7564114068713,10.353589978399208,20.640030366755425,48.23679528066085,111.36567429180054,243.0907792606394,510.4687297401923,1049.7158772545895,2144.2258545634954
1.168249488316939,0.7327044025157232,-7.170447634377484,0.2519015878029116,0.9439243744776085,2.380280586391358,3.286081732626196,5.830243543836716,10.441054979588344,20.737967478806954,48.32538070431979,111.4601665408177,243.2576627740234,511.0092964578984,1052.0718107763669,2154.657036181947
1.1603088730070976,0.7427672955974842,-7.1704476427499415,0.256275515585678,0.9611763298584541,2.418443220341318,3.2982891951455047,5.903482222962905,10.528277618642091,20.83587360624679,48.414015395162785,111.55423062678283,243.421811185133,511.53709339504,1054.379648973407,2165.053456533441
1.152528004868,0.7528301886792452,-7.1704476478970784,0.2606740080239676,0.9785395645039234,2.455979653783802,3.3111194300629547,5.976129409032814,10.615265216528634,20.933744926491343,48.502699717488305,111.64788831822543,243.58333882819431,512.0525963258016,1056.6407021308821,2175.416222840195
1.1449015984961664,0.7628930817610062,-7.170447649878717,0.26509709917928986,0.9960131960930362,2.492812140953981,3.3246479273945346,6.048188355011592,10.7020244234374,21.031577789481716,48.59143391906106,111.7411601337294,243.742354006469,512.5562583812568,1058.8562354010571,2185.746408433014
1.1374246101144727,0.7729559748427672,-7.1704476487748705,0.2695448300827373,1.0135962798855795,2.5288595455048437,3.338952968152245,6.119663431723173,10.788561268023049,21.129368709021517,48.68021814174367,111.83406542668719,243.89895937888616,513.0485113587952,1061.0274707213628,2196.045053896574
1.1300922235529895,0.7830188679245282,-7.1704476446845495,0.27401724836647523,1.0312878087272754,2.5640382865207036,3.354114788379421,6.190559978730636,10.874881203828314,21.227114354443433,48.769052431010365,111.9266224632078,244.05325231738703,513.5297669426228,1063.1555886344097,2206.313168177138
1.1228998372113155,0.7930817610062892,-7.170447637723538,0.2785144079021773,1.0490867131298824,2.598263684106898,3.3702143277003174,6.2608841731814655,10.96098915308648,21.324811542882173,48.857936744697405,112.0188484940245,244.20532523778,514.0004178426129,1065.241730015866,2216.551729650182
1.115843051922223,0.8031446540880502,-7.170447628023596,0.28303636843616775,1.0669918613886478,2.631451736069462,3.3873315335173775,6.33064291429656,11.046889548231524,21.422457232169872,48.946870961126926,112.11075982102734,244.35526590644417,514.460838857818,1067.2869977158277,2226.7616871503856
1.1089176596438843,0.8132075471698113,-7.170447615730334,0.2875831952207352,1.0850020596806418,2.663521316787802,3.4055432315286165,6.399843720778181,11.132586370518291,21.520048513736725,49.035854886154944,112.20237185836322,244.50315772438847,514.9113878697411,1069.2924581182274,2236.9439609646092
1.102119632914649,0.8232704402515723,-7.1704476010020874,0.29215495865165775,1.1031160522184673,2.694396732914161,3.424920630051338,6.468494640037406,11.218083186817832,21.617582606404582,49.12488826002041,112.29369918937044,244.64907999136997,515.3524067715803,1071.2591426240153,2247.099443790225
1.0954451150103324,0.8333333333333333,-7.1704475840086275,0.2967517339138529,1.1213325214296994,2.7240105014115126,3.4455265938673816,6.5366041672979245,11.303383183936193,21.715056850290303,49.213970763368856,112.38475561901146,244.79310815090784,515.784222337186,1073.1880490613255,2257.2290016576394
1.0888904107493664,0.8433962264150943,-7.1704475649293755,0.30137360062587404,1.1396500881167209,2.7523061462906635,3.4674128923509717,6.604181173324622,11.388489200689923,21.812468701006907,49.3031020227489,112.4755542224927,244.93531401823887,516.2071470349142,1075.080143027895,2267.3334748209572
1.082451977896015,0.8534591194968553,-7.170447543952416,0.30602064249571503,1.158067311647897,2.7792407575651117,3.490617679586105,6.671234840087015,11.473403758237113,21.90981572440498,49.392281615798055,112.56610739046704,245.075765992475,516.621479790075,1076.936359168918,2277.41367861541
1.076126419116213,0.8635220125786163,-7.170447521273002,0.3106929469772394,1.1765826901121663,2.804787037159764,3.515163482291757,6.7377746029588925,11.558129088192322,22.00709559148089,49.48150907585576,112.65642687084318,245.21452925406857,517.0275066995928,1078.7576023941112,2287.4704042843896
1.069910474444537,0.8735849056603773,-7.1704474970926375,0.31539060494226734,1.1951946604982713,2.8289345864176094,3.541055941850031,6.803810099085772,11.642667158988788,22.104306073542286,49.570783896216305,112.74652380772683,245.35166594899601,517.4255017025916,1080.5447490375923,2297.5044197761604
1.0638010142243561,0.8836477987421383,-7.170447471617892,0.320113710354151,1.213901598837644,2.851690269158524,3.568283476936929,6.869351120975612,11.727019700295312,22.2014450376031,49.66010553399553,112.83640877752612,245.48723536038602,517.8157272095783,1082.2986479632405,2307.516470511778
1.0577950324864411,0.8937106918238993,-7.170447445058973,0.3248623599556044,1.2327018203516402,2.873077600909787,3.5968179168132486,6.934407575161003,11.811188226232707,22.298510442407416,49.749473413874014,112.92609182271984,245.62129406898265,518.1984346937849,1084.0201216193036,2317.507280125348
1.0518896407342002,0.9037735849056603,-7.170447417629026,0.3296366529572556,1.251593579518983,2.893135242664506,3.626616026992608,6.998989444736884,11.895174056309836,22.395500334127977,49.838886931274295,113.01558248312841,245.75389610281235,518.5738652465717,1085.7099670441623,2327.477551177177
1.0460820621063636,0.9138364779874213,-7.170447389543096,0.3344366907477376,1.2705750701848253,2.911914787932545,3.657621739396304,7.063106756064309,11.978978335234304,22.492412842546244,49.92834545532162,113.10488982504931,245.88509307712053,518.9422500997066,1087.3689568262803,2337.42796584102
1.0403696258903146,0.9238993710691823,-7.170447361017367,0.3392625765948651,1.2896444255314305,2.929478100288252,3.6897688296369835,7.126769548900774,12.062602051376164,22.58924617765339,50.017848331804075,113.19402246865194,246.01493432550717,519.3038111171218,1088.9978400211487,2347.359186567007
1.0347497623614468,0.9339622641509433,-7.170447332267851,0.34411441537863957,1.308799718108197,2.9458944770007203,3.7229837664282615,7.189987849450598,12.146046053331192,22.68599862587054,50.10739488545966,113.28298861317933,246.1434670223237,519.658761257363,1090.5973430265606,2357.2718567197153
1.0292199979258951,0.9440251572327043,-7.170447303510157,0.34899231331250297,1.3280389597216444,2.961237886262574,3.757188485798787,7.252771646706456,12.229311066015049,22.782668547213834,50.196984422609646,113.37179606093268,246.27073629776072,520.0073050096779,1092.1681704194689,2367.166601194044
1.0237779505457867,0.9540880503144653,-7.170447274958319,0.35389637769048693,1.3473601013173295,2.975584467088955,3.7923029010264835,7.315130870853399,12.312397704669083,22.879254371849957,50.28661623304751,113.4604522392405,246.39678534531632,520.3496388046033,1093.7110057555533,2377.0440270083186
1.0184213254277945,0.9641509433962263,-7.170447246824402,0.3588267166274868,1.3667610327390878,2.989010410423599,3.8282470302023297,7.377075374385381,12.395306488331466,22.975754597361814,50.37628959217258,113.54896422134405,246.52165552293837,520.6859514014462,1095.2265123339994,2386.9047238762823
1.013147910957271,0.9742138364779873,-7.1704472193177455,0.36378343882103487,1.3862395824662448,3.0015902729144495,3.8649426900493054,7.4386149152443855,12.478037852047501,23.072167786000144,50.46600376279267,113.63733874578347,246.6453864477673,521.0164242537331,1096.7153339290705,2396.749264758613
1.0079555748615951,0.9842767295597483,-7.170447192644213,0.3687666533216774,1.4057935172524523,3.0133957212806366,3.9023147580974125,7.499759141797554,12.560592157834561,23.168492561809334,50.55575799665361,113.72558223451121,246.7680160851452,521.3412318540653,1098.1780954898782,2406.578206394458
1.0028422605876228,0.9943396226415093,-7.170447167006054,0.3737764693005799,1.4254205416433163,3.02449466892325,3.9402920418359417,7.56051757980506,12.642969705198157,23.264727608438704,50.64555153617466,113.81370081003112,246.88958083233405,521.6605420600526,1099.6154038105904,2416.3920898141987
0.9978059838792547,1.0044025157232703,-7.170447142601039,0.37881299584254335,1.4451182974480916,3.034950746410724,3.978807813210943,7.620899620739543,12.725170740190196,23.36087166648572,50.73538361571447,113.90170031134716,247.01011559724256,521.9745164021521,1101.0278481719208,2426.1914408338216
0.9928448295421934,1.0144654088050313,-7.170447119622218,0.3838763417252621,1.4648843630381851,3.0448230404813663,4.017800074021826,7.680914511862153,12.807195464133915,23.45692353134037,50.82525346287044,113.98958630887134,247.1296538723634,522.2833103747239,1102.41600095585,2435.9767705318577
0.9879569483839046,1.0245283018867923,-7.170447098257608,0.38896661523307724,1.4847162526057467,3.05416603808085,4.057211615630275,7.740571347317235,12.88904404118512,23.55288205106776,50.91516029982724,114.07736411868852,247.2482278046278,522.5870737113137,1103.7804182342747,2445.7485757092313
0.9831405543176791,1.0345911949685533,-7.170447078689383,0.3940839239596918,1.5046114152712013,3.063029719037176,4.0969899297682,7.799879060837947,12.970716605532798,23.648746124276652,51.00510334424554,114.16503881555592,247.3658682609008,522.8859506451247,1105.1216403335213,2455.5073393329676
0.9783939216204982,1.0446540880503143,-7.170447061094153,0.3992283746206885,1.5245672340184964,3.0714597501896495,4.137087017197015,7.858846419201997,13.05221326756028,23.744514698182055,51.09508181046538,114.25261524556451,247.48260489008396,523.1800801557795,1106.4401923755977,2465.2535309643877
0.9737153823351383,1.0547169811320753,-7.170447045642393,0.40440007288312785,1.5445810245695801,3.0794977436424125,4.177459132128302,7.917482016903546,13.133534119643167,23.84018676670679,51.18509491024365,114.3400980375811,247.59846618126758,523.4695962027837,1107.7365847970748,2474.98760717205
0.9691033238076334,1.0647798742138364,-7.170447032498142,0.4095991231899434,1.564650034044065,3.0871815506071094,4.21806649064993,7.975794271692871,13.214679241123472,23.93576136853631,51.27514185360994,114.42749161434102,247.7134795188911,523.754627946972,1109.0113138471281,2484.7100119306433
0.9645561863518414,1.0748427672955974,-7.170447021818992,0.41482562860486116,1.5847714395480452,3.0945455700518227,4.25887296435883,8.033791421272303,13.295648703489233,24.031237586045368,51.36522185006803,114.51480020306123,247.8276712349183,524.035299960442,1110.2648620653383,2494.4211770052784
0.9600724610334277,1.0849056603773584,-7.170447013755493,0.4200796906524479,1.6049423464875214,3.101621057437309,4.299845773163915,8.091481519910493,13.376442573448069,24.126614542543354,51.45533410847479,114.60202784459166,247.9410666575194,524.3117324254154,1111.4976987404182,2504.1215223233544
0.9556506875661243,1.0949685534591194,-7.170447008451655,0.4253614091671462,1.6251597868096601,3.108436423904666,4.340955188235106,8.148872437003172,13.457060917785332,24.221891402079734,51.54547783876658,114.68917840342375,248.05369015809853,524.5840413234628,1112.7102803508196,2513.811456332888
0.9512894523135933,1.1050314465408804,-7.170447006044459,0.43067088215821914,1.645420717033646,3.115017519628379,4.3821742500785446,8.20597185507051,13.537503805563244,24.31706736670696,51.63565225153385,114.77625557552963,248.16556519451746,524.8523386143743,1113.9030509876175,2523.4913763486575
0.946987386390695,1.1150943396226414,-7.170447006663658,0.43600820566861137,1.6657220160849346,3.121387897945208,4.423478506152179,8.26278726920897,13.617771311587532,24.4121416758316,51.72585655925509,114.86326289713365,248.27671435311242,525.1167324067749,1115.076442761101,2533.1616688865342
0.9427431638583634,1.1251572327044024,-7.170447010431831,0.44137347364330265,1.6860604829186485,3.1275690586049096,4.4648457690968835,8.319325986613897,13.697863518798007,24.507113604715418,51.816089976632156,114.95020375222188,248.38715938775871,525.3773271197579,1116.2308761914994,2542.8227099865103
0.9385555000066846,1.1352201257861634,-7.17044701746459,0.446766777804975,1.7064328339559938,3.133580669863506,4.506255896172455,8.375595126548708,13.777780520064715,24.601982462832026,51.90635172086422,115.03708137977563,248.49692125711243,525.6342236366788,1117.3667605844325,2552.4748655244166
0.9344231497211322,1.1452830188679244,-7.170447027870108,0.45218820754796074,1.7268357003930388,3.139440769981283,4.547690589612458,8.431601621241153,13.857522420661661,24.696747593134805,51.99664101238793,115.12389888083783,248.60602015993788,525.8875194513914,1118.4844943920461,2562.1184915132962
0.9303449059272362,1.1553459119496854,-7.170447041749508,0.4576378498087588,1.74726562511085,3.1451659490995434,4.589133216161943,8.487352216493539,13.937089339306826,24.791408370356795,52.08695707492995,115.2106592247624,248.71447556828318,526.1373088071605,1119.5844655602452,2571.7539343943968
0.9263195981092802,1.1654088050314464,-7.17044705919676,0.4631157889610212,1.767719059471898,3.1507715129583826,4.63056864513447,8.542853473040529,14.016481409742308,24.885964200165997,52.17729913610447,115.29736525563396,248.8223062594307,526.3836828292109,1120.6670518629548,2581.381531318697
0.9223460908988929,1.1754716981132074,-7.170447080298531,0.4686221067222901,1.788192359922076,3.1562716299332227,4.671983103369427,8.598111768242488,14.095698781848542,24.98041451789219,52.26766642756539,115.38401969790212,248.9295303457522,526.6267296505763,1121.7326212235841,2591.001610418565
0.9184232827296719,1.1855345911949684,-7.170447105134552,0.47415688204743983,1.8086817842656602,3.1616794629004077,4.7133640453163546,8.653133298031209,14.17474162287534,25.074758788025722,52.358058185759155,115.47062516227007,249.0361653035314,526.866534532331,1122.7815320247646,2600.614491070931
0.9145501045542211,1.1955974842767294,-7.170447133777578,0.47972019103758684,1.829183487704663,3.1670072874531896,4.754700036740764,8.70792407865552,14.253610117355752,25.16899650212989,52.448473651329635,115.55718415024764,249.1422279994645,527.1031799773472,1123.8141334058348,2610.2204841508774
0.9107255186202047,1.2056603773584904,-7.170447166293249,0.48531210685426973,1.8496935187070858,3.1722665979429454,4.795980651243054,8.762489949484781,14.332304468520297,25.26312717888123,52.53891207017056,115.64369905975208,249.24773471696847,527.3367458398053,1124.8307655503345,2619.819892277637
0.9069485173022394,1.2157232704402514,-7.170447202740715,0.49093269963583375,1.8702078145559027,3.1774682026064296,4.837196377431509,8.816836575290077,14.410824898304046,25.35715036268706,52.6293726932811,115.73017218950174,249.35270118034765,527.5673094287715,1125.831759962236,2629.4130100521656
0.9032181219866381,1.2257861635220124,-7.170447243172082,0.49658203641057774,1.8907221966254357,3.182622309032275,4.878338536022613,8.870969448956963,14.489171647601426,25.451065622750424,52.71985477694949,115.81660574343854,249.4571425779535,527.7949456071765,1126.817439732167,2639.0001242867133
0.8995333820061997,1.2358490566037734,-7.170447287633238,0.5022601810268434,1.9112323655044383,3.1877386010923847,4.919399205848482,8.924893894407079,14.567344976429556,25.544872552199877,52.81035758292452,115.90300183499619,249.56107358441676,528.0197268864387,1127.7881197942552,2648.5815142272927
0.8958933736224167,1.2459119496855344,-7.170447336163099,0.5079671940906126,1.9317338958372132,3.192826308284449,4.960371157569458,8.978615069738701,14.645345164474309,25.63857076782705,52.90088037892386,115.98936249128255,249.6645083817163,528.2417235166783,1128.7441071735188,2658.157451768501
0.8922971990526227,1.2559748427672954,-7.170447388794907,0.5137031328818615,1.9522222308598178,3.1978942683730054,5.001247794024613,9.032137969995201,14.723172510221653,25.73215990845608,52.991422438364836,116.07568965671295,249.76746067915357,528.4610035728159,1129.6857012244677,2667.7282016618524
0.8887439855397532,1.2660377358490567,-7.170447445555191,0.5194680512994957,1.9726926768087985,3.20295098413918,5.042023096970885,9.08546743050129,14.800827331091808,25.82563963417657,53.08198304018604,116.16198519621179,249.86994373192812,528.6776330363323,1130.613193860733,2677.2940217165774
0.8852328844625345,1.2761006289308177,-7.170447506464751,0.5252619998056128,1.9931403971209216,3.208004674904024,5.082691579250418,9.138608130420218,14.878309964023344,25.91900962696983,53.17256147022914,116.24825089973778,249.9719703603093,528.8916758747661,1131.52686977778,2686.8551629952967
0.8817630704840375,1.2861635220125787,-7.170447571538613,0.5310850253650387,2.0135604063897707,3.2130633234028685,5.12324824138303,9.191564595596171,14.955620763864436,26.012269588019862,53.263157019751425,116.33448848429293,250.07355296582173,529.1031941157969,1132.4270066661581,2696.411870001818
0.8783337407366565,1.2962264150943397,-7.170447640785737,0.5369371713854749,2.0339475641908664,3.2181347185600604,5.1636885327420785,9.244341202292892,15.032760104127226,26.105419238598483,53.35376898671876,116.4206995979754,250.17470354856297,529.3122479197566,1133.3138754187446,2705.964380864381
0.8749441140416893,1.3062893081761007,-7.170447714209944,0.5428184776851954,2.054296568880773,3.223226494620859,5.204008316443658,9.296942180556032,15.109728376186931,26.198458318705182,53.44439667528774,116.50688582239681,250.27543372240552,529.5188956477974,1134.1877403297613,2715.512927512112
0.8715934301617896,1.3163522012578617,-7.170447791809521,0.5487289804348253,2.074601951203863,3.2283461669709594,5.244203837414823,9.349371617602165,15.186525988773107,26.291386586448894,53.53503939604115,116.59304867575223,250.37575473028977,529.7231939278308,1135.048859287579,2725.057735846526
0.8682809490846758,1.3264150943396227,-7.170447873577746,0.5546687121178842,2.0948580679524826,3.2335011650113556,5.284271693550714,9.401633461291334,15.263153367680994,26.38420381754838,53.62569646586181,116.67918961519315,250.47567745822417,529.9251977170227,1135.8974839602147,2734.599025906973
0.8650059503365551,1.3364779874213837,-7.170447959502664,0.5606377014980913,2.1150590957040105,3.238698862345489,5.324208809554138,9.45373152368145,15.339610955183607,26.47690980472138,53.71636720825597,116.76531003970418,250.5752124492147,530.1249603622326,1136.7338599753184,2744.13701203177
0.8617677323238231,1.3465408805031447,-7.170448049567597,0.5666359735656896,2.1351990245869152,3.2439466044573186,5.364012412967881,9.505669484501988,15.415899209788234,26.56950435736039,53.80705095334956,116.85141129244985,250.67436991628588,530.3225336575034,1137.558227093356,2753.671903013573
0.8585656117016696,1.3566037735849057,-7.170448143751336,0.5726635495288152,2.15527165243226,3.2492517341029923,5.403680012458145,9.557450894458382,15.492018605069969,26.66198730026319,53.89774703753368,116.9374946628159,250.77315975468554,530.5179678990205,1138.370819375175,2763.2039022501726
0.8553989227683015,1.3666666666666667,-7.1704482420282485,0.5787204467626802,2.1752705791251126,3.2546216144787046,5.4432093780006126,9.609079179059181,15.56796963005669,26.75435847415728,53.988454804125574,117.02356138903974,250.8715915541278,530.7113119382382,1139.1718653441176,2772.733207890786
0.852267016883565,1.3767295597484277,-7.170448344368042,0.584806678796103,2.1951892014905243,3.260063650270457,5.482598522544988,9.660557641700876,15.643752787792648,26.84661773415475,54.07917360276541,117.10961265991999,250.96967460986272,530.9026132321728,1139.9615881422683,2782.260012977493
0.8491692619108099,1.3867924528301887,-7.170448450736849,0.5909222552660435,2.2150207086979674,3.26558530658796,5.521845685289994,9.711889467203326,15.719368595356892,26.93876495017908,54.16990278996781,117.19564961713039,251.0674179338281,531.0919178922666,1140.740205682127,2791.78450558285
0.8461050416809114,1.3968553459119497,-7.1704485610966895,0.5970671819299181,2.2347580786400134,3.271194125852748,5.560949316485249,9.763077725241022,15.794817582733085,27.030800005310965,54.26064172836374,117.28167335666627,251.16483026464192,531.2792707304566,1141.5079307924564,2801.3068689425336
0.8430737554774123,1.4069182389937107,-7.170448675405656,0.603241460600241,2.2543940749518674,3.2768977424463555,5.599908063060658,9.814125373609931,15.870100292884942,27.122722796718673,54.351389787658384,117.36768493129789,251.26192007808947,531.4647153043383,1142.2649713602668,2810.8272815848622
0.8400748175418125,1.4169811320754717,-7.170448793618378,0.6094450891869782,2.273921245623945,3.282703895239914,5.638720755992911,9.865035261877312,15.94521728110105,27.214533234566204,54.442146344130705,117.45368535197045,251.3586955963669,531.6482939596847,1143.0115304674891,2820.345917455765
0.837107656598078,1.4270440251572327,-7.170448915686406,0.6156780616148677,2.2933319224585444,3.2886204376070123,5.677386397590222,9.915810133922399,16.020169113619023,27.306231241148556,54.53291078037938,117.5396755892736,251.45516479703403,531.8300478714127,1143.747806523185,2829.8629460399893
0.8341717153954961,1.4371069182389937,-7.170449041557715,0.6219403678576453,2.312618222717144,3.2946553450849185,5.715904150889857,9.96645263184618,16.094956367859428,27.397816750975974,54.62368248566608,117.62565657537999,251.55133542208318,532.0100170833225,1144.4739933920744,2839.378532479183
0.8312664502690424,1.4471698113207547,-7.170449171177436,0.628231993924341,2.331772052421729,3.300816720243912,5.754273329213103,10.01696529907246,16.16957963223908,27.489289711104572,54.71446085631486,117.7116292056978,251.6472149863207,532.1882405459414,1145.1902805184063,2848.8928376858876
0.8283913307164766,1.4572327044025157,-7.1704493044878035,0.634552921832837,2.35078511180191,3.3071127946151986,5.792493386122675,10.067350582723792,16.244039503515328,27.58065007796133,54.80524529371528,117.79759433900263,251.74281078441604,532.3647561521025,1145.896853045371,2858.406018453968
0.8255458389914151,1.4672955974842767,-7.170449441428275,0.6409031296106458,2.3696489034994555,3.313551927537106,5.830563907146321,10.117610837999019,16.31833658971213,27.67189782160644,54.89603520775109,117.88355280132727,251.83812990053175,532.5396007735133,1146.5938919327273,2867.918227567274
0.8227294697116764,1.4773584905660377,-7.170449581935823,0.6472825912983029,2.3883547434052197,3.3201426014880133,5.868484600709468,10.16774832974302,16.39247150579678,27.763032920255444,54.98683001298337,117.96950538451223,251.93317921350774,532.7128102925099,1147.2815740677422,2877.4296139026055
0.8199417294822238,1.4874213836477987,-7.170449725945156,0.6536912769402803,2.406893774842679,3.3268934138019093,5.9062552909189865,10.217765236552477,16.46644487630464,27.85405536445121,55.07762913200983,118.05545284995831,252.02796540591243,532.8844196359797,1147.9600723756066,2886.9403225323217
0.8171821365320676,1.4974842767295597,-7.170449873388645,0.6601291526042234,2.4252569861804973,3.3338130643666086,5.943875910005319,10.267663652955429,16.540257332372985,27.944965152456042,55.16843199182056,118.14139592705939,252.1224949684886,533.0544628043755,1148.6295559232358,2896.4504948210088
0.8144502203645198,1.5075471698113208,-7.1704500241965405,0.6665961803370947,2.443435232133654,3.340910339065882,5.981346491526795,10.317445592776185,16.61390951357743,28.03576229454896,55.25923802812491,118.2273353179134,252.2167742097305,533.2229729042739,1149.2901900239565,2905.960268523118
0.8117455214202254,1.5176100628930818,-7.170450178297401,0.6730923182269043,2.4614192594272306,3.3481940887942194,6.018667163950202,10.367112991301255,16.68740206541905,28.126446809148636,55.35004668181751,118.31327169544936,252.3108092594577,533.3899821746545,1149.9421363344816,2915.4697778738496
0.8090675907524219,1.5276729559748428,-7.170450335617837,0.6796175203602137,2.479199736538479,3.3556732037188945,6.055838144642318,10.416667708276384,16.76073563902056,28.217018722098068,55.44085739880384,118.39920570467427,252.4046060752032,533.5555220149937,1150.5855529512926,2924.979153679329
0.8064159897139055,1.5377358490566038,-7.170450496083003,0.6861717368696421,2.4967672882020597,3.363356582755452,6.092859734544678,10.466111531055555,16.833910892823894,28.307478070527186,55.53166963329438,118.48513796597001,252.4981704495358,533.7196230129832,1151.2205945047988,2934.48852340507
0.80379028965521,1.5477987421383648,-7.170450659616414,0.6927549139140937,2.5141125343353017,3.371253098018918,6.129732312498846,10.515446176574295,16.906928490369417,28.39782489990655,55.622482845755044,118.571069074706,252.5915080147366,533.8823149696026,1151.8474122491173,2943.9980112603907
0.8011900716335257,1.5578616352201258,-7.170450826140243,0.6993669936926635,2.531226133721907,3.3793715543706413,6.166456330073072,10.564673293408443,16.97978909813321,28.488059260397527,55.71329650014515,118.65699960022913,252.68462424642772,534.0436269221077,1152.466154148096,2953.5077382797326
0.7986149261319087,1.5679245283018868,-7.170450995575706,0.7060079144621662,2.5480988323484084,3.3877206441921652,6.203032307374142,10.613794465414124,17.052493389173623,28.578181213933803,55.80411006980233,118.74293009105428,252.77752447213854,534.2035871708136,1153.0769649628612,2963.017822405069
0.7960644527883559,1.5779874213836478,-7.170451167842637,0.7126776105801802,2.564721516120548,3.396308897589442,6.239460828711517,10.662811213938408,17.1250420407802,28.668190828887646,55.89492303243207,118.8288610717676,252.87021387296193,534.3622232990823,1153.6799863315482,2972.528378561555
0.7935382601343364,1.5880503144654088,-7.170451342859974,0.7193760124484291,2.5810852671696076,3.4051446282129865,6.275742537372533,10.711724998677072,17.197435731807737,28.758088179227236,55.98573487130111,118.9147930453786,252.96269748963883,534.5195621965581,1154.2753568502287,2982.039518734177
0.7910359653423927,1.5981132075471698,-7.170451520546095,0.7261030466022671,2.597181424205745,3.414235875738769,6.311878132769851,10.760537221740481,17.269675146070686,28.84787334795041,56.076545076791604,119.00072649483195,253.05498022757484,534.6756300807516,1154.8632121506805,2991.5513520416575
0.7885571939824421,1.6081761006289308,-7.170451700818338,0.7328586356798505,2.613001645149744,3.4235903451681415,6.347868366094933,10.809249228905365,17.34176096947506,28.937546423384966,56.16735314404132,119.08666188231447,253.14706686011863,534.8304525165344,1155.4436849745894,3001.063984806957
0.7861015797864248,1.6182389937106918,-7.170451883593573,0.7396426984734656,2.62853797197208,3.4332153442534534,6.383714037272464,10.8578623126529,17.413693892774784,29.027107504931216,56.258158577931155,119.17259965355038,253.2389620355484,534.984054438266,1156.0169052486558,3010.5775206288035
0.7836687644209668,1.6283018867924528,-7.170452068788087,0.7464551499413655,2.643782896152185,3.443117719758515,6.419415990820557,10.906377712386448,17.48547460500956,29.116556690655273,56.34896088182317,119.25854022987235,253.33067027404223,535.1364601626218,1156.5830001499057,3020.092060444626
0.7812583972677308,1.6383647798742138,-7.170452256318047,0.7532959012097413,2.6587294239599353,3.453303793988098,6.454975113338154,10.954796618443764,17.557103799366526,29.205894089497523,56.43975956981061,119.34448401884198,253.42219597989654,535.2876934142184,1157.1420941807175,3029.607702601466
0.7788701352111569,1.6484276729559748,-7.170452446098947,0.7601648596028012,2.6733711401323714,3.463779302752534,6.490392330282768,11.003120173391622,17.628582171383606,29.295119817489525,56.5305541625055,119.43043141139519,253.5135434423556,535.437777340693,1157.6943092333056,3039.124542918143
0.7765036424332941,1.6584905660377358,-7.170452638046493,0.767061928703678,2.687702268661548,3.4745493362133257,6.52566860319621,11.051349473749589,17.699910417345162,29.38423399528942,56.62134418449007,119.5163827800849,253.60471683703344,535.5867345278713,1158.2397646527058,3048.6426747457667
0.7741585902154495,1.6685534591194968,-7.170452832075895,0.7739870083004249,2.7017177289230547,3.485618283781107,6.5608049262334385,11.099485570862075,17.771089231791066,29.473236744798648,56.71212916300551,119.60233847955026,253.69572022958377,535.7345870164276,1158.7785772998745,3058.1621890285205
0.771834656746388,1.6786163522012578,-7.170453028102701,0.7809399945177825,2.7154131866813067,3.4969897851435525,6.595802325466976,11.147529476134295,17.842119316561398,29.562128204046125,56.802908639735364,119.68829885558523,253.7865575858845,535.8813563236641,1159.3108616179097,3067.683174366552
0.7695315269368245,1.6886792452830188,-7.170453226042308,0.7879207797438689,2.728785097205392,3.50866668752575,6.630661853908071,11.195482157543406,17.91300136557257,29.65090850189361,56.89368214947514,119.77426422958175,253.87723276203135,536.0270634473915,1159.8367296812087,3077.2057170648422
0.7672488922399728,1.6987421383647798,-7.170453425810535,0.7949292526767939,2.741830740797475,3.5206510116951915,6.665384590940973,11.243344545658605,17.983736079081883,29.739577784340355,56.98444924351126,119.86023491714073,253.96774952240767,536.17172889369,1160.3562912645239,3086.7299011982373
0.7649864504779126,1.7088050314465408,-7.1704536273230435,0.8019652984679165,2.7545482491629927,3.532943927128707,6.699971640471902,11.291117534586386,18.05432415697746,29.82813619816109,57.075209473102404,119.94621121500056,254.05811153113046,536.3153726811782,1160.8696538901102,3096.2558086583226
0.7627439056735567,1.7188679245283018,-7.1704538304962195,0.8090287985408349,2.7669366209269217,3.545545736293535,6.734424126525177,11.3388019804838,18.12476629448934,29.91658389071422,57.16596239424007,120.03219340749192,254.14832236075833,536.4580143600699,1161.376922886759,3105.78351920993
0.760520967888005,1.7289308176100628,-7.170454035246675,0.816119630798194,2.7789957278639794,3.5584558703756075,6.768743193566267,11.386398706511699,18.195063190261497,30.00492101996422,57.256707571519534,120.11818176732622,254.23838549423402,536.5996730244589,1161.8782014415683,3115.3131105414127
0.7583173530630829,1.7389937106918238,-7.1704542414914485,0.823237669605751,2.790726309790201,3.5716728949809045,6.802930003945437,11.433908503246839,18.26521554056985,30.093147742493418,57.34744456922744,120.20417655052381,254.32830432360075,536.7403673220026,1162.3735906486409,3124.8446583124824
0.7561327828688678,1.7490566037735849,-7.1704544491481625,0.8303827857784051,2.80212995896353,3.585194526223344,6.836985735688895,11.481332129954227,18.33522404306385,30.181264226729724,57.43817296565298,120.29017800863947,254.41808216255274,536.8801154750334,1162.8631895665649,3134.378236208811
0.7539669845560218,1.7591194968553459,-7.170454658135005,0.8375548466423421,2.8132090946315342,3.599017657100228,6.870911580879639,11.528670315165908,18.40508939107987,30.269270636967317,57.528892334926596,120.3761863735268,254.50772223538112,537.0189352807137,1163.34709525646,3143.91391598085
0.7518196908127499,1.7691823899371069,-7.170454868370841,0.8447537160714733,2.823966928118314,3.6131383930787853,6.904708744327827,11.575923759320924,18.47481227924529,30.357167148401718,57.61960226440911,120.46220187284464,254.59722769246707,537.156844134157,1163.8254028393742,3153.4517674980534
0.749690639626213,1.7792452830188679,-7.170455079775247,0.8519792544980662,2.834407419470024,3.6275520960564904,6.938378441792372,11.62309313515764,18.54439339857347,30.444953933041717,57.71030233862611,120.54822471689675,254.6866016011069,537.2938590297335,1164.2982055332984,3162.991858786599
0.7475795741482345,1.7893081761006289,-7.170455292268553,0.8592313190613553,2.84453522709856,3.6422534358373477,6.971921899851379,11.670179091357735,18.613833445154633,30.53263117908882,57.80099215731612,120.63425511247736,254.77584695846159,537.4299965809322,1164.7655947056903,3172.534256079274
0.7454862425651444,1.7993710691823899,-7.170455505771838,0.8665097633736799,2.8543556505713634,3.6572364463364386,7.005340350683917,11.717182246862768,18.6831330990362,30.62019905434971,57.89167130760102,120.72029324513014,254.86496668038484,537.5652730200617,1165.2276599075897,3182.079023850653
0.7434103979716079,1.8094339622641509,-7.170455720207066,0.873814437826638,2.8638745701869257,3.6724945882527518,7.038635035490913,11.76410320141617,18.752293054956503,30.70765776104981,57.9823394071048,120.806339308732,254.95396362575636,537.6997042269719,1165.6844889318868,3191.626224871289
0.7413517982482992,1.8194968553459119,-7.17045593549717,0.8811451894721031,2.8730983822455136,3.6880208132335093,7.071807200014442,11.810942529064524,18.821313991518842,30.795007472733225,58.07299604835399,120.89239346486144,255.0428405657811,537.8333057109246,1166.136167829851,3201.1759202282897
0.7393102059432793,1.8295597484276729,-7.170456151565843,0.8885018622497232,2.88203393329691,3.7038076309958186,7.104858095697828,11.857700784398732,18.890196596135358,30.88224839218951,58.16364085232245,120.97845588321593,255.13160021815685,537.9660926477814,1166.5827809753987,3210.7281693841105
0.7372853881569494,1.8396226415094339,-7.170456368338105,0.8958842966924366,2.8906884530290213,3.7198471755432925,7.137788976621886,11.904378501635104,18.958941555174707,30.96938072719101,58.254273449008075,121.0645267299232,255.22024524046108,538.0980798823484,1167.0244110980602,3220.283030210194
0.7352771164304496,1.849685534591195,-7.170456585739631,0.9032923301402802,2.8990694885618957,3.736131271388702,7.170601096827163,11.950976188920889,19.027549529949574,31.05640464360103,58.3448934320349,121.15060613108308,255.30877820131943,538.2292819108268,1167.4611392975407,3229.8405590054276
0.733285166637384,1.859748427672956,-7.170456803697338,0.9107257970007384,2.907184841011916,3.752651499464784,7.203295716193589,11.99749434564996,19.09602121140378,31.143320368447213,58.43550044808509,121.23669423904495,255.3972016346174,538.3597129338864,1167.8930451192982,3239.40081056356
0.731309318878756,1.869811320754717,-7.170457022139122,0.9181845283513115,2.915042503124322,3.769399256772987,7.235874091484339,12.043933446736839,19.164357269753157,31.23012810390603,58.52609412895395,121.32279118586305,255.48551800531408,538.4893868351833,1168.3202065645446,3248.9638381879163
0.729349357381,1.879874213836478,-7.170457240994093,0.9256683521542687,2.9226506016570584,3.786365815337501,7.268337477242469,12.090293945901454,19.232558354823073,31.316828014956975,58.61667407400323,121.40889706840476,255.57372969833222,538.6183171784297,1168.7427001154213,3258.5296937182566
0.7274050703970023,1.889937106918239,-7.170457460192496,0.9331770935866459,2.9300173440909165,3.803542378120395,7.3006871329086875,12.136576295498994,19.300625166099742,31.40342037404774,58.70723998013063,121.49501204445316,255.66183909601722,538.7465172793582,1169.160600824824,3268.098427608671
0.7254762501100117,1.9,-7.170457679665625,0.9407105747358542,2.937150968106376,3.8209201267337924,7.332924311640774,12.182780922158226,19.368558360985634,31.48990537252783,58.797791470598895,121.58113620509214,255.74984847750414,538.8740001266225,1169.5739822737971,3277.6700889001786
